trial_id,original_trial_id,start,end,movement_onset,movement_end,target_x,target_y,maze_condition,split,n_bins,terminal_remainder_seconds
0,0,4.479266666666667,7.4741333333333335,5.681266666666667,6.111266666666666,114,91,1,1,59,0.04486666666666661
1,2,15.724266666666667,19.5197,17.456266666666668,17.996266666666667,-115,-100,17,0,75,0.04543333333333344
2,3,20.429266666666667,24.489133333333335,22.721266666666665,23.116266666666668,114,91,1,0,81,0.009866666666668245
3,4,30.114600000000003,34.1944,31.991600000000002,32.6216,-13,111,12,2,81,0.02979999999999894
4,7,45.20936666666667,48.664366666666666,46.631366666666665,47.10136666666667,-9,110,21,0,69,0.004999999999998117
5,8,50.61963333333333,54.73936666666667,52.63163333333333,53.176633333333335,121,-76,24,0,82,0.0197333333333356
6,9,55.58923333333333,59.21426666666667,57.241233333333334,57.701233333333334,-9,110,20,0,72,0.02503333333333435
7,10,59.89926666666667,63.69426666666667,61.61126666666667,62.13126666666667,-9,110,20,0,75,0.045000000000001705
8,11,64.28423333333333,67.20903333333334,65.34623333333333,65.76623333333333,-144,-52,4,1,58,0.024800000000004374
9,13,72.51923333333333,76.42423333333333,74.43623333333333,74.89123333333333,136,87,14,0,78,0.005000000000000782
10,15,82.04923333333333,85.5241,83.69123333333333,84.10123333333334,-136,-23,25,1,69,0.02486666666667059
11,17,93.05423333333334,96.3191,94.51623333333335,94.86623333333334,125,-18,7,0,65,0.014866666666662809
12,18,96.9642,101.42983333333333,99.2762,99.72120000000001,-136,-23,26,0,89,0.01563333333332917
13,19,102.34933333333333,106.72996666666667,104.38633333333334,104.98133333333334,-136,-23,27,0,87,0.030633333333335067
14,21,112.58423333333334,116.47406666666667,114.59623333333334,115.02623333333335,125,-18,7,0,77,0.03983333333332828
15,22,117.31920000000001,120.95906666666667,119.12120000000002,119.5112,121,-76,22,0,72,0.03986666666666272
16,23,121.82426666666667,125.81963333333334,123.60126666666667,124.19126666666668,125,-18,8,0,79,0.045366666666669
17,25,134.32420000000002,137.86416666666668,135.85620000000003,136.3512,114,91,2,0,70,0.0399666666666576
18,26,139.0542,142.3496,140.2262,140.74620000000002,125,-18,8,0,65,0.04540000000000077
19,27,151.4293,155.0093,152.8313,153.40630000000002,125,-18,9,0,71,0.029999999999983817
20,29,160.90916666666666,163.95896666666667,162.14616666666666,162.53116666666668,-115,-100,16,0,60,0.04980000000000473
21,30,164.78416666666666,168.66403333333335,166.89116666666666,167.22616666666667,-13,111,10,0,77,0.029866666666686026
22,31,169.44916666666668,173.9292,171.8011666666667,172.3661666666667,121,-76,23,0,89,0.03003333333332403
23,36,200.2942666666667,204.80426666666668,202.5762666666667,203.2012666666667,-144,-52,6,0,90,0.009999999999990905
24,37,205.67916666666667,209.78913333333335,207.63116666666667,208.25616666666667,-13,111,11,1,82,0.00996666666667867
25,38,210.70913333333334,213.70893333333333,211.89113333333333,212.29113333333333,-136,-23,25,0,59,0.04979999999999318
26,39,214.56413333333333,218.40393333333336,216.48613333333333,216.95613333333333,-144,-52,4,2,76,0.03980000000002493
27,44,241.96413333333334,245.22400000000002,243.37113333333335,243.79613333333333,136,87,13,0,65,0.009866666666681567
28,46,250.81423333333333,254.62990000000002,252.39623333333333,252.98123333333334,-136,-23,27,0,76,0.015666666666686258
29,48,267.01413333333335,270.8489666666667,269.00113333333337,269.40613333333334,136,87,13,0,76,0.03483333333333549
30,49,271.80913333333336,276.1191,274.0611333333334,274.6061333333334,-144,-52,5,2,86,0.00996666666663959
31,50,277.1041,280.2089,278.4211,278.7611,-9,110,19,0,62,0.004800000000011462
32,51,281.01910000000004,285.1639333333334,283.3011,283.70610000000005,-115,-100,16,0,82,0.0448333333333375
33,53,291.5142,295.9897666666667,293.6662,294.24620000000004,-115,-100,18,0,89,0.025566666666679616
34,55,302.77923333333337,306.8992,304.86623333333335,305.3312333333334,136,87,15,0,82,0.019966666666641153
35,60,343.0342,346.94416666666666,344.8612,345.4012,114,91,3,1,78,0.009966666666661794
36,64,369.55403333333334,373.8344666666667,371.5910333333333,372.2160333333333,125,-18,8,0,85,0.030433333333348855
37,68,399.40926666666667,402.7089,400.93626666666665,401.26126666666664,-13,111,10,0,65,0.04963333333336095
38,70,409.0191666666667,412.8491666666667,410.8061666666667,411.2811666666667,-9,110,21,0,76,0.029999999999983817
39,71,413.73403333333334,417.6138666666667,415.86603333333335,416.15603333333337,-9,110,19,0,77,0.029833333333351586
40,72,418.504,422.319,420.37600000000003,420.831,114,91,2,2,76,0.01499999999999746
41,73,435.3092666666667,439.39886666666666,437.5612666666667,437.9412666666667,125,-18,7,1,81,0.03959999999996189
42,74,440.274,444.209,442.126,442.686,125,-18,8,0,78,0.03500000000000192
43,75,445.09413333333333,449.5096666666667,447.1961333333333,447.84113333333335,125,-18,9,0,88,0.015533333333371147
44,76,450.23913333333337,454.3041,452.25113333333337,452.7361333333334,136,87,15,0,81,0.014966666666635042
45,79,465.464,469.624,467.556,468.081,136,87,14,0,83,0.010000000000024656
46,81,562.5189333333334,566.1839333333334,564.0059333333334,564.6509333333333,-144,-52,5,0,73,0.014999999999963265
47,84,580.1390666666667,583.6196,581.3460666666667,581.8960666666667,-115,-100,18,0,69,0.030533333333255364
48,86,589.2789333333334,592.6487666666667,590.8359333333334,591.2209333333334,-13,111,10,0,67,0.019833333333303838
49,87,601.2641333333333,605.5689,603.5661333333334,604.0361333333334,114,91,2,0,86,0.004766666666637498
50,88,608.8041333333333,612.8187666666666,611.0011333333333,611.3711333333333,136,87,13,0,80,0.01463333333333594
51,90,619.139,623.014,620.821,621.426,-144,-52,6,0,77,0.02499999999999991
52,91,623.9039,627.3537666666667,625.5609000000001,625.9009,114,91,1,2,68,0.04986666666670736
53,92,631.1990333333333,634.734,632.6910333333333,633.1760333333333,136,87,15,1,70,0.03496666666671899
54,93,635.6588666666667,639.8993,637.7058666666667,638.2808666666666,125,-18,8,0,84,0.04043333333338506
55,97,664.0790000000001,668.3190000000001,666.2860000000001,666.7710000000001,-9,110,21,0,84,0.04000000000000892
56,99,680.5441000000001,684.4436666666667,682.5911000000001,682.9861000000001,-144,-52,4,0,77,0.049566666666601034
57,100,686.3442333333334,691.0096333333333,688.6212333333334,689.2512333333334,-136,-23,27,0,93,0.015399999999976544
58,101,691.8589000000001,695.4636666666667,693.5909,694.0009000000001,-115,-100,16,0,72,0.004766666666591757
59,106,720.3838333333333,723.5388666666666,721.5108333333333,722.0158333333333,-9,110,20,0,63,0.0050333333333352215
60,112,750.6788333333334,753.7886666666667,751.9408333333333,752.3358333333334,136,87,13,0,62,0.009833333333312932
61,117,778.3638000000001,781.9338,779.9158000000001,780.4008000000001,136,87,14,2,71,0.01999999999993607
62,118,782.9339,786.5089,784.4909,784.9559,114,91,3,0,71,0.02500000000004521
63,119,787.3488,791.8694333333334,789.5058,790.1608,-136,-23,26,0,90,0.020633333333421433
64,120,799.4238,802.5085666666668,800.6458,801.0608,-144,-52,4,0,61,0.034766666666723456
65,121,803.2737666666667,807.1638,805.2157666666667,805.6607666666666,-9,110,20,2,77,0.04003333333334913
66,122,808.1187666666667,811.6186333333334,809.7607666666668,810.1657666666667,-9,110,19,0,69,0.04986666666666206
67,123,815.0290333333334,818.4936333333334,816.6560333333333,817.0360333333333,136,87,13,0,69,0.014600000000018376
68,124,819.4338,823.3836333333334,821.6258,821.9608000000001,-13,111,10,0,78,0.0498333333333445
69,125,824.4389,827.7138666666667,825.6559,826.1509,136,87,15,0,65,0.024966666666728088
70,126,828.5588,832.4937666666667,830.3358000000001,830.9708,-13,111,11,1,78,0.0349666666666959
71,127,833.4037666666667,836.9636,835.1757666666667,835.5107666666667,-9,110,19,0,71,0.00983333333335823
72,130,847.7437666666667,851.4786,849.6557666666668,850.0407666666667,125,-18,7,0,74,0.034833333333312844
73,131,852.5139,856.7738666666667,854.6059,855.1859000000001,121,-76,24,0,85,0.009966666666628043
74,134,868.2387666666667,871.8385333333334,870.0007666666667,870.4157666666667,-115,-100,16,0,71,0.04976666666670981
75,136,879.2037333333334,883.3992000000001,881.2257333333334,881.7657333333334,-115,-100,17,0,83,0.04546666666667498
76,137,893.8891333333333,897.5088333333334,895.2611333333333,895.9411333333334,-13,111,12,0,72,0.019700000000079765
77,139,903.3787333333333,906.9785,905.0657333333334,905.5207333333334,-136,-23,25,0,71,0.04976666666670981
78,141,912.3338333333334,916.7444,914.4658333333333,915.0108333333334,-115,-100,18,0,88,0.010566666666681712
79,142,917.6538333333334,921.5238,919.3058333333335,919.9658333333334,125,-18,9,0,77,0.019966666666641597
80,143,922.4187333333334,926.2885666666667,924.4457333333335,924.8657333333334,121,-76,22,1,77,0.019833333333303838
81,144,927.2087,931.1687333333334,929.1307,929.6107000000001,121,-76,23,0,79,0.010033333333399064
82,147,950.3938333333334,954.4788000000001,952.3708333333334,952.9358333333334,114,91,3,1,81,0.034966666666673696
83,148,955.3037,959.2134666666667,957.4157,957.7857,-144,-52,4,0,78,0.009766666666655155
84,150,968.4636666666668,971.6837,969.6606666666668,970.1506666666668,-9,110,20,0,64,0.020033333333276282
85,151,974.9140333333334,979.3088,977.0960333333334,977.7360333333334,-13,111,12,0,87,0.04476666666666862
86,153,988.1739333333334,991.9784666666667,990.1159333333334,990.5309333333333,-136,-23,25,0,76,0.004533333333324396
87,154,993.6439333333334,997.8836666666667,995.8159333333334,996.3559333333334,-144,-52,5,0,84,0.0397333333333334
88,158,1014.2737666666667,1018.2438000000001,1016.0607666666667,1016.6407666666667,-13,111,12,2,79,0.02003333333338997
89,159,1019.0436666666667,1022.5135,1020.7656666666667,1021.0906666666667,-13,111,10,0,69,0.019833333333326486
90,164,1049.1086333333333,1053.3836333333334,1051.3156333333334,1051.8506333333332,136,87,14,0,85,0.02500000000009095
91,165,1056.0238666666667,1059.8385,1057.9808666666668,1058.3858666666667,121,-76,22,0,76,0.014633333333403886
92,167,1065.9887666666666,1070.5443666666667,1068.2507666666666,1068.7957666666666,-115,-100,18,0,91,0.005600000000140604
93,170,1080.9437333333333,1085.0087333333333,1082.8857333333333,1083.4157333333333,121,-76,24,0,81,0.015000000000054747
94,172,1091.4336,1094.9484666666667,1093.1006,1093.5056,-115,-100,16,0,70,0.014866666666648598
95,173,1095.6536333333333,1099.9036333333333,1097.8206333333333,1098.3306333333333,121,-76,23,0,85,0.0
96,175,1108.7186000000002,1112.4186,1110.4056,1110.9156,114,91,2,2,74,-1.8207657603852567e-13
97,176,1113.5387333333333,1117.6987333333334,1115.6757333333333,1116.1407333333334,-9,110,21,0,83,0.0100000000000815
98,177,1118.4536333333333,1122.8086,1120.7706333333333,1121.2506333333333,-9,110,20,0,87,0.004966666666768482
99,179,1129.5687,1134.0443333333335,1131.6457,1132.2757000000001,-136,-23,27,0,89,0.025633333333462183
100,180,1136.0438333333334,1140.0434666666667,1138.1108333333334,1138.5858333333333,125,-18,7,2,79,0.049633333333349405
101,181,1140.9185666666667,1144.6534333333334,1142.8405666666667,1143.2055666666668,-9,110,19,0,74,0.034866666666675705
102,183,1150.9535666666668,1154.3684333333333,1152.5705666666668,1152.9355666666668,114,91,1,0,68,0.014866666666511819
103,184,1155.2286000000001,1158.4336,1156.4106000000002,1156.9056,-9,110,20,0,64,0.004999999999927063
104,185,1162.0388,1165.3785333333333,1163.2708,1163.8558,125,-18,8,0,66,0.03973333333324236
105,187,1186.0739333333333,1189.6986333333334,1187.6809333333333,1188.1559333333335,114,91,3,0,72,0.024700000000075217
106,192,1214.6185333333333,1218.0289666666667,1215.8655333333334,1216.4355333333333,125,-18,8,0,68,0.01043333333345764
107,193,1218.9085333333335,1223.0139666666666,1220.8255333333334,1221.3855333333336,-115,-100,17,1,82,0.0054333333331664235
108,194,1226.2038,1230.4335333333333,1228.2308,1228.9108,-13,111,11,0,84,0.029733333333342493
109,195,1231.2986333333333,1234.5586666666668,1232.5106333333333,1232.9956333333332,121,-76,24,0,65,0.010033333333467453
110,199,1257.6138666666668,1262.0736333333334,1259.965866666667,1260.4958666666669,136,87,15,2,89,0.009766666666609858
111,200,1262.9585,1266.3733666666667,1264.5555,1264.9205,114,91,1,0,68,0.014866666666739192
112,202,1272.7835,1277.0741333333333,1274.8405,1275.3505,-136,-23,26,0,85,0.040633333333289556
113,203,1279.7837333333334,1283.7033333333334,1281.8757333333335,1282.2607333333335,136,87,13,0,78,0.01959999999994544
114,204,1284.5985,1288.7283666666667,1286.8505,1287.2855,-13,111,10,0,82,0.02986666666665716
115,207,1299.3784666666668,1303.2489,1301.0604666666668,1301.6304666666667,125,-18,8,0,77,0.020433333333266912
116,209,1308.7234666666668,1312.2283333333335,1310.4354666666668,1310.7954666666667,-13,111,10,0,70,0.004866666666657693
117,210,1313.2184666666667,1317.5784666666668,1315.3404666666668,1316.0554666666667,125,-18,8,0,87,0.010000000000126796
118,211,1492.5283333333334,1496.7933333333333,1494.6153333333334,1495.2253333333333,-144,-52,5,0,85,0.01499999999987267
119,214,1508.6585,1512.749,1510.4355,1511.0655,125,-18,9,1,81,0.040500000000020187
120,215,1513.6435000000001,1517.0934333333335,1515.0205,1515.5405,114,91,3,0,68,0.049933333333319396
121,217,1522.8333333333335,1526.9181333333333,1525.0953333333334,1525.4853333333335,-144,-52,4,0,81,0.03479999999985939
122,218,1527.8483666666668,1530.8582000000001,1529.0103666666669,1529.430366666667,121,-76,22,0,60,0.009833333333290284
123,221,1541.8635000000002,1545.6884333333335,1543.4955000000002,1544.0805000000003,-144,-52,6,2,76,0.024933333333319485
124,222,1546.5383333333334,1550.6531333333335,1548.7353333333333,1549.2003333333334,-136,-23,25,0,82,0.014800000000058766
125,224,1557.1683333333335,1560.5281666666667,1558.6903333333335,1559.0753333333334,125,-18,7,0,67,0.009833333333199246
126,225,1561.4734333333333,1565.0284333333334,1562.9904333333334,1563.4654333333333,136,87,15,2,71,0.005000000000063398
127,226,1565.8583333333333,1569.6683,1567.5053333333333,1568.1653333333334,-13,111,11,0,76,0.009966666666695989
128,227,1570.5633,1574.2331666666666,1572.4453,1572.7953,114,91,1,0,73,0.019866666666620958
129,229,1579.8733333333334,1584.0833,1581.9003333333335,1582.5453333333335,125,-18,8,1,84,0.009966666666559654
130,231,1600.5935333333334,1603.9983,1601.9755333333335,1602.4355333333335,-9,110,20,0,68,0.0047666666665460156
131,233,1609.7883000000002,1613.8883,1611.7603000000001,1612.3553000000002,121,-76,23,0,82,-9.14823772291129e-14
132,234,1614.7833,1618.7787333333333,1616.5803,1617.1303,-115,-100,17,0,79,0.04543333333326682
133,235,1619.6383,1623.5633,1621.5153,1622.0253,136,87,14,0,78,0.02499999999995417
134,238,1637.6084,1641.5139333333334,1639.1954,1639.8554000000001,125,-18,9,0,78,0.005533333333323398
135,239,1642.3834000000002,1645.9339333333335,1643.7204000000002,1644.2604000000001,125,-18,9,0,71,0.000533333333305297
136,240,1646.7784000000001,1650.2733666666668,1648.2554000000002,1648.7004000000002,114,91,3,0,69,0.04496666666664151
137,242,1656.0733666666667,1659.4433666666666,1657.2953666666667,1657.8503666666668,125,-18,9,0,67,0.019999999999890772
138,243,1660.3682333333334,1664.2180333333333,1662.4002333333333,1662.7852333333333,-144,-52,4,0,76,0.04979999999995899
139,244,1667.6136333333334,1670.9233666666667,1668.8256333333334,1669.3256333333334,-9,110,21,0,66,0.009733333333269645
140,245,1671.6882666666668,1675.1382333333333,1673.1802666666667,1673.6352666666667,114,91,2,1,68,0.04996666666656857
141,246,1676.2234,1680.1883666666668,1678.1054000000001,1678.5954000000002,136,87,15,0,79,0.014966666666668793
142,249,1699.4832333333334,1703.3131,1701.5002333333334,1701.8502333333333,-13,111,10,0,76,0.0298666666667029
143,250,1704.0532333333333,1707.7780666666667,1705.9302333333333,1706.3502333333333,136,87,13,0,74,0.024833333333435625
144,252,1716.5433333333335,1720.6883333333335,1718.4203333333335,1719.1053333333334,-13,111,12,0,82,0.04499999999998128
145,253,1723.7434333333333,1727.4831000000001,1725.7354333333333,1726.0404333333333,-9,110,19,0,74,0.03966666666683505
146,254,1728.4182,1732.2030666666667,1730.3152,1730.7452,125,-18,7,0,75,0.03486666666663041
147,256,1738.3633333333335,1742.0533333333335,1739.8953333333334,1740.4503333333334,-144,-52,6,0,73,0.040000000000054214
148,257,1742.7833333333335,1747.2488333333333,1745.0053333333335,1745.5853333333334,125,-18,9,0,89,0.015499999999792458
149,259,1753.7933,1757.1233,1755.1253000000002,1755.5653,114,91,3,0,66,0.029999999999926974
150,260,1758.0033333333333,1761.6639,1759.2903333333334,1759.9153333333334,-115,-100,18,0,73,0.010566666666681712
151,261,1762.3832,1766.2780333333335,1764.3752,1764.8152,121,-76,22,0,77,0.044833333333508474
152,264,1776.0434,1779.4831666666666,1777.4954,1777.9654,136,87,14,1,68,0.03976666666662787
153,267,1791.5731666666668,1795.4529666666667,1793.6201666666668,1794.0251666666668,-115,-100,16,0,77,0.02979999999993188
154,269,1804.2935333333335,1807.9083,1805.8255333333334,1806.3305333333335,-9,110,21,0,72,0.014766666666582662
155,270,1811.1083666666668,1814.4830000000002,1812.700366666667,1813.065366666667,-13,111,10,0,67,0.024633333333349494
156,271,1817.5683666666669,1820.903,1819.0903666666668,1819.480366666667,-13,111,10,2,66,0.03463333333315832
157,274,1834.9281333333333,1838.4380333333334,1836.5901333333334,1837.0001333333332,-136,-23,25,0,70,0.009900000000016007
158,275,1839.2932666666668,1843.6688000000001,1841.3902666666668,1841.9352666666668,-115,-100,18,1,87,0.025533333333350505
159,276,1844.5331333333334,1848.8731333333335,1846.8851333333334,1847.3201333333334,-9,110,20,0,86,0.0400000000001457
160,277,1850.8933666666667,1854.9231,1852.9303666666667,1853.4303666666667,114,91,2,2,80,0.029733333333297196
161,278,1855.8632333333335,1859.9532333333334,1857.9102333333335,1858.3752333333334,-9,110,21,0,81,0.03999999999991832
162,281,1871.9682333333335,1876.0938666666668,1873.7852333333335,1874.3352333333335,-136,-23,27,0,82,0.025633333333325403
163,283,1884.5933333333335,1887.9979333333333,1886.2203333333334,1886.5553333333335,-13,111,10,0,68,0.004599999999845394
164,284,1901.2383333333335,1905.3279,1903.4803333333334,1903.8803333333335,-136,-23,25,0,81,0.03956666666654218
165,287,1916.0632,1919.7381666666668,1917.7102,1918.1802,114,91,3,0,73,0.024966666666704995
166,288,1920.6680666666668,1924.3578666666667,1922.540066666667,1922.925066666667,-136,-23,25,0,73,0.039799999999877045
167,290,1930.0930666666668,1934.2480666666668,1932.1900666666668,1932.7100666666668,-144,-52,5,0,83,0.00499999999997236
168,291,1935.1280666666667,1939.7330666666667,1937.5600666666667,1938.1650666666667,121,-76,23,0,92,0.005000000000017657
169,292,1940.5280666666667,1945.1587000000002,1942.9000666666668,1943.4500666666668,-136,-23,26,0,92,0.030633333333434543
170,293,1946.0480666666667,1950.2028666666668,1948.3650666666667,1948.7600666666667,-144,-52,4,0,83,0.004800000000022564
171,294,1951.0381666666667,1955.2631666666668,1953.1101666666666,1953.6701666666668,-144,-52,6,0,84,0.025000000000136247
172,296,1961.9580333333333,1965.4230333333335,1963.3200333333334,1963.9050333333332,-13,111,11,0,69,0.015000000000145342
173,297,2035.0631,2039.4531666666667,2037.3301000000001,2037.8301000000001,121,-76,24,2,87,0.04006666666659786
174,302,2067.093366666667,2070.6431000000002,2068.535366666667,2069.040366666667,136,87,15,2,70,0.049733333333279006
175,305,2082.747966666667,2086.4536000000003,2084.209966666667,2084.7699666666667,-136,-23,26,0,74,0.005633333333480373
176,311,2115.982933333333,2120.0634,2117.939933333333,2118.4349333333334,-115,-100,17,2,81,0.030466666666780107
177,312,2123.4081666666666,2127.3428,2125.5401666666667,2125.900166666667,-136,-23,25,0,78,0.03463333333329466
178,316,2143.8379333333332,2147.607766666667,2145.774933333333,2146.169933333333,125,-18,7,2,75,0.019833333333735936
179,318,2165.9379333333336,2170.1879,2168.0999333333334,2168.679933333334,-13,111,11,0,84,0.0499666666662959
180,319,2171.0879333333332,2175.112866666667,2173.0099333333333,2173.584933333333,125,-18,8,0,80,0.0249333333335926
181,320,2175.9579333333336,2179.8179333333333,2177.804933333334,2178.304933333334,136,87,14,1,77,0.009999999999672493
182,322,2185.5530333333336,2190.0486333333333,2187.6950333333334,2188.2900333333337,-136,-23,27,0,89,0.04559999999974007
183,323,2190.9229,2194.127766666667,2192.2749,2192.6699,-115,-100,16,0,64,0.004866666666930364
184,325,2200.7279000000003,2204.8778666666667,2202.8999000000003,2203.3699,114,91,2,0,82,0.049966666666386494
185,326,2205.8180333333335,2210.0630333333334,2207.9600333333333,2208.4900333333335,121,-76,24,0,84,0.04499999999989068
186,327,2212.3331333333335,2216.3777333333333,2214.5501333333336,2214.9401333333335,-144,-52,4,0,80,0.04459999999971842
187,328,2217.1928666666668,2220.9578333333334,2218.8398666666667,2219.414866666667,-144,-52,5,0,75,0.014966666666623496
188,329,2221.9579,2226.0977333333335,2224.2999,2224.6398999999997,-13,111,10,0,82,0.039833333333626264
189,332,2237.172866666667,2240.6729,2238.599866666667,2239.1548666666667,121,-76,23,0,70,3.333333324917476e-05
190,334,2246.2829666666667,2250.252966666667,2248.2599666666665,2248.689966666667,114,91,3,0,79,0.02000000000025448
191,335,2251.013,2255.7385333333336,2253.475,2254.045,125,-18,9,0,94,0.02553333333371466
192,336,2256.5828333333334,2260.6427000000003,2258.8448333333336,2259.204833333333,114,91,1,0,81,0.009866666666948909
193,337,2264.123066666667,2268.2834666666668,2266.125066666667,2266.655066666667,136,87,14,0,83,0.010399999999753717
194,339,2274.088,2277.642966666667,2275.485,2276.065,-13,111,12,0,71,0.00496666666658685
195,340,2280.9481,2285.0978333333333,2282.9951,2283.5651000000003,-144,-52,5,0,82,0.049733333333187524
196,341,2285.8728333333333,2289.0326333333333,2287.1848333333332,2287.5848333333333,-115,-100,16,0,63,0.00979999999990433
197,342,2289.8478333333333,2293.0027,2291.1948333333335,2291.574833333333,136,87,13,0,63,0.004866666666748287
198,345,2306.4629333333332,2310.4079333333334,2308.359933333333,2308.8099333333334,136,87,15,0,78,0.045000000000163354
199,346,2311.262833333333,2315.0334333333335,2312.8098333333332,2313.319833333333,-136,-23,26,2,75,0.020600000000285945
200,348,2324.0830333333333,2328.0626666666667,2326.2600333333335,2326.6250333333332,136,87,13,0,79,0.029633333333367595
201,349,2328.9728333333333,2332.4576666666667,2330.6448333333333,2331.029833333333,114,91,1,0,69,0.03483333333342653
202,350,2334.3180333333335,2338.1426666666666,2336.2500333333332,2336.7100333333333,121,-76,22,0,76,0.024633333333167418
203,351,2338.9778,2342.9878333333336,2340.9498000000003,2341.4598,121,-76,23,0,80,0.010033333333467453
204,352,2345.9330333333332,2349.6876666666667,2347.910033333333,2348.240033333333,-9,110,19,2,75,0.004633333333458722
205,354,2363.5030333333334,2366.9077666666667,2364.9200333333333,2365.4100333333336,114,91,2,1,68,0.004733333333296841
206,355,2367.7728,2370.8326333333334,2368.9798,2369.3848000000003,125,-18,7,0,61,0.009833333333244543
207,358,2385.1127666666666,2389.3934,2387.2647666666667,2387.7947666666664,-136,-23,26,1,85,0.03063333333329865
208,359,2390.377766666667,2394.2827333333335,2392.174766666667,2392.844766666667,-144,-52,5,0,78,0.0049666666664958115
209,361,2402.003,2405.727566666667,2403.965,2404.3500000000004,-144,-52,4,0,74,0.024566666666760106
210,362,2406.557766666667,2409.8475333333336,2408.029766666667,2408.444766666667,-136,-23,25,0,65,0.03976666666676465
211,363,2410.687766666667,2414.4726,2412.699766666667,2413.0597666666667,-9,110,19,0,75,0.03483333333315386
212,364,2415.202766666667,2419.252766666667,2417.314766666667,2417.779766666667,-9,110,20,0,81,1.8207657603852567e-13
213,366,2424.8279,2428.9229,2426.9549,2427.4199000000003,-9,110,21,0,81,0.04499999999980009
214,367,2429.7328666666667,2433.987866666667,2431.8998666666666,2432.4798666666666,-13,111,12,0,85,0.005000000000109139
215,368,2434.847866666667,2439.0028666666667,2436.909866666667,2437.469866666667,-144,-52,6,0,83,0.004999999999744986
216,370,2446.718066666667,2451.0834333333332,2448.930066666667,2449.4500666666668,-115,-100,18,1,87,0.015366666666431605
217,371,2457.4079666666667,2460.7977333333333,2458.7999666666665,2459.314966666667,121,-76,23,0,67,0.03976666666667361
218,373,2466.9927333333335,2470.3625666666667,2468.6247333333336,2468.9997333333336,121,-76,22,0,67,0.01983333333319015
219,375,2474.988066666667,2479.4084000000003,2477.2200666666668,2477.7750666666666,-115,-100,18,0,88,0.020333333333473647
220,376,2480.2977,2484.1631666666667,2482.1097,2482.6497,-115,-100,17,0,77,0.015466666666634321
221,379,2494.3977,2498.3324666666667,2496.5497,2496.9647,-115,-100,16,0,78,0.034766666666746104
222,381,2506.6279333333337,2510.2825000000003,2508.4899333333337,2508.9049333333337,-144,-52,4,1,73,0.00456666666659622
223,383,2515.1627000000003,2518.932566666667,2517.1147000000005,2517.5447000000004,121,-76,22,1,75,0.019866666666530364
224,385,2524.2526666666668,2528.2076666666667,2526.284666666667,2526.739666666667,136,87,14,0,79,0.004999999999927063
225,389,2547.2378000000003,2551.1578333333337,2549.0948000000003,2549.6348000000003,121,-76,24,0,78,0.02003333333332158
226,390,2551.942666666667,2555.7225333333336,2553.9596666666666,2554.349666666667,136,87,13,0,75,0.029866666666748642
227,392,2561.587666666667,2565.6276333333335,2563.594666666667,2564.164666666667,125,-18,8,0,80,0.039966666666714445
228,393,2627.2826333333333,2631.2076333333334,2629.2096333333334,2629.7096333333334,121,-76,23,0,78,0.025000000000181544
229,395,2636.6526333333336,2640.082566666667,2638.144633333334,2638.644633333334,114,91,2,0,68,0.029933333333337586
230,396,2641.0427333333337,2644.993266666667,2642.824733333334,2643.409733333334,125,-18,9,0,79,0.0005333333331689616
231,398,2651.3376000000003,2655.5226000000002,2653.4846000000002,2654.0696000000003,-144,-52,5,2,83,0.034999999999945075
232,399,2656.3976000000002,2659.567466666667,2657.7646000000004,2658.1846,-115,-100,16,0,63,0.019866666666620958
233,400,2660.4226000000003,2664.4732333333336,2662.4296000000004,2662.9446000000003,-115,-100,17,1,81,0.000633333333280639
234,405,2685.9277,2689.3027,2687.3047,2687.7897000000003,136,87,15,0,67,0.02499999999999991
235,406,2690.1676,2693.7374333333337,2691.9946000000004,2692.3696000000004,125,-18,7,0,71,0.01983333333346282
236,408,2699.9025666666666,2703.4724666666666,2701.7795666666666,2702.104566666667,-9,110,19,0,71,0.01989999999996117
237,410,2718.737666666667,2723.0826666666667,2721.079666666667,2721.5896666666667,114,91,3,0,86,0.04499999999980009
238,411,2723.9577,2728.302666666667,2726.1897,2726.7847,-144,-52,6,0,86,0.04496666666700566
239,412,2729.122566666667,2732.5174333333334,2730.774566666667,2731.144566666667,114,91,1,0,67,0.044866666666530275
240,413,2733.367566666667,2737.0673333333334,2735.2595666666666,2735.684566666667,-115,-100,16,0,73,0.049766666666618775
241,414,2737.8375333333333,2741.3625333333334,2739.3195333333333,2739.9345333333335,-13,111,11,0,70,0.02500000000009095
242,415,2742.212666666667,2746.692666666667,2744.6496666666667,2745.184666666667,136,87,15,0,89,0.030000000000018012
243,416,2747.632666666667,2752.0233000000003,2749.8146666666667,2750.364666666667,-115,-100,18,0,87,0.04063333333342545
244,417,2761.142766666667,2765.252566666667,2763.3297666666667,2763.8247666666666,-9,110,20,1,82,0.009800000000177
245,419,2770.6725333333334,2774.5975000000003,2772.604533333333,2773.1795333333334,114,91,2,0,78,0.02496666666693237
246,423,2792.9175,2796.412366666667,2794.7095,2795.0445,114,91,1,0,69,0.044866666666893984
247,424,2797.2576333333336,2801.222666666667,2799.2146333333335,2799.7196333333336,-9,110,21,0,79,0.015033333333394516
248,426,2807.2126333333335,2811.288266666667,2809.0896333333335,2809.6496333333334,-136,-23,27,0,81,0.02563333333337159
249,427,2812.1325333333334,2816.1981333333333,2814.0545333333334,2814.5945333333334,-136,-23,26,0,81,0.015599999999904135
250,430,2826.4325000000003,2830.222366666667,2828.4995000000004,2828.8395000000005,-13,111,10,0,75,0.039866666666512174
251,432,2836.1625,2839.4423,2837.6145,2838.0544999999997,-115,-100,16,0,65,0.029800000000250293
252,433,2840.3025000000002,2843.9325000000003,2841.9445,2842.4595000000004,121,-76,23,0,72,0.03000000000010905
253,435,2850.5525000000002,2854.9724666666666,2852.8545000000004,2853.5345,-13,111,11,2,88,0.019966666666368482
254,436,2858.7674666666667,2862.442266666667,2860.6594666666665,2861.069466666667,-136,-23,25,0,73,0.024800000000231748
255,437,2865.2628333333337,2868.7226,2866.794833333334,2867.2448333333336,-9,110,21,0,69,0.009766666666382484
256,440,2879.0176,2883.3826,2881.2196000000004,2881.8846000000003,-13,111,12,1,87,0.014999999999781188
257,442,2893.6777,2897.0824333333335,2895.1397,2895.6397,136,87,14,0,68,0.004733333333296841
258,443,2897.982566666667,2901.207566666667,2899.234566666667,2899.734566666667,-9,110,21,0,64,0.024999999999908873
259,446,2913.8377,2917.6973000000003,2915.9047,2916.3247,125,-18,7,1,77,0.009600000000227649
260,448,2923.4875666666667,2927.7882333333337,2925.5895666666665,2926.144566666667,-136,-23,27,0,86,0.0006666666669845611
261,450,2933.2124333333336,2937.1123000000002,2935.3444333333337,2935.7294333333334,-9,110,19,2,77,0.049866666666639414
262,451,2937.8274333333334,2941.3623000000002,2939.5794333333333,2939.9944333333333,114,91,1,0,70,0.03486666666685778
263,452,2942.1274333333336,2945.3474333333334,2943.3344333333334,2943.8694333333337,121,-76,23,0,64,0.019999999999799734
264,453,2946.1774333333333,2949.8622,2948.094433333333,2948.489433333333,-136,-23,25,0,73,0.034766666666746104
265,454,2950.6024333333335,2954.8178666666668,2952.7194333333337,2953.3094333333333,125,-18,8,0,84,0.015433333333294108
266,455,2955.6124333333337,2959.8978666666667,2957.7594333333336,2958.354433333334,-115,-100,17,2,85,0.03543333333300325
267,456,2960.6875333333332,2964.3675333333335,2962.3845333333334,2962.8595333333333,-9,110,21,1,73,0.030000000000290683
268,457,2965.1224,2969.2874,2967.2544000000003,2967.8094,-144,-52,5,0,83,0.014999999999963265
269,458,2970.1074000000003,2973.4922666666666,2971.7294,2972.1294000000003,-115,-100,16,0,67,0.034866666666311996
270,459,2974.3924,2977.9722,2976.1444,2976.5994,-115,-100,16,2,71,0.029799999999977178
271,461,2983.4274,2987.5674000000004,2985.6394,2986.1194,114,91,2,1,82,0.040000000000326885
272,462,2988.4724,2992.6474000000003,2990.6244,2991.1244,121,-76,23,1,83,0.025000000000181544
273,463,2993.4874,2997.177266666667,2995.3944,2995.8044,-115,-100,16,0,73,0.039866666667057515
274,466,3109.4023333333334,3113.4121,3111.5443333333333,3111.9543333333336,-115,-100,16,1,80,0.00976666666656456
275,467,3114.3123333333333,3117.6321666666668,3115.8443333333335,3116.204333333333,-13,111,10,0,66,0.01983333333346282
276,469,3123.3523,3127.7729333333336,3125.4293000000002,3126.0693,-136,-23,26,0,88,0.020633333333625714
277,470,3128.6873333333333,3132.5221666666666,3130.6293333333333,3131.0843333333332,121,-76,22,0,76,0.03483333333333549
278,471,3133.4874333333337,3137.9274333333333,3135.7194333333337,3136.3244333333337,-144,-52,6,0,88,0.03999999999959947
279,473,3148.5574,3152.757966666667,3150.5194,3151.0294000000004,-115,-100,18,0,84,0.0005666666668728837
280,474,3153.5824000000002,3156.9024,3154.8394000000003,3155.3144,114,91,3,0,66,0.019999999999708695
281,477,3170.7875000000004,3174.1321333333335,3172.2695000000003,3172.6795,-144,-52,4,0,66,0.04463333333314923
282,479,3196.0076333333336,3199.4174000000003,3197.3596333333335,3197.8646333333336,-9,110,21,1,68,0.009766666666655155
283,480,3200.3272666666667,3204.0871,3202.3142666666668,3202.6442666666667,-13,111,10,0,75,0.009833333333517658
284,483,3219.597366666667,3223.147366666667,3221.039366666667,3221.584366666667,136,87,15,0,71,1.816324868286756e-13
285,484,3224.077366666667,3228.117366666667,3225.914366666667,3226.514366666667,121,-76,24,0,80,0.03999999999996362
286,486,3234.5774,3238.7123666666666,3236.6394,3237.1444,-9,110,21,1,82,0.034966666666513824
287,490,3259.8822333333337,3264.1472333333336,3262.0292333333337,3262.6492333333335,-13,111,11,0,85,0.01499999999987267
288,491,3264.9472333333333,3268.7722000000003,3266.8542333333335,3267.279233333333,114,91,2,0,76,0.024966666667023407
289,492,3269.7173333333335,3273.8423000000003,3271.6693333333337,3272.2393333333334,136,87,15,0,82,0.024966666666750292
290,493,3274.8172333333337,3277.9120666666668,3276.1042333333335,3276.4592333333335,-13,111,10,0,61,0.044833333333099024
291,494,3278.8623333333335,3282.712966666667,3280.3393333333333,3280.9643333333333,-136,-23,27,0,77,0.0006333333334622715
292,495,3283.4873666666667,3287.6323,3285.5943666666667,3286.059366666667,114,91,3,0,82,0.04493333333348293
293,496,3288.4723333333336,3292.227966666667,3289.9493333333335,3290.4393333333337,-136,-23,27,0,75,0.005633333333207702
294,500,3314.1522,3317.822166666667,3315.8292,3316.2992,136,87,14,0,73,0.01996666666682323
295,501,3318.7073333333333,3322.9128333333333,3320.684333333333,3321.2343333333333,125,-18,9,0,84,0.005500000000028926
296,502,3329.7774333333336,3333.6626,3331.4644333333335,3332.0694333333336,125,-18,8,0,77,0.035166666666464064
297,503,3334.6321666666668,3338.4120333333335,3336.5741666666668,3336.954166666667,-9,110,19,0,75,0.029866666666748642
298,504,3339.2273,3343.6973000000003,3341.4243,3342.0793,-13,111,12,0,89,0.02000000000025448
299,505,3344.5021666666667,3347.9621333333334,3345.8791666666666,3346.4241666666667,125,-18,8,0,69,0.009966666666787027
300,506,3348.9021666666667,3352.7470333333335,3350.909166666667,3351.289166666667,136,87,13,0,76,0.044866666666802946
301,508,3357.862266666667,3361.5628333333334,3359.264266666667,3359.804266666667,-115,-100,18,1,74,0.0005666666664181363
302,509,3362.2971666666667,3365.5171333333333,3363.519166666667,3363.999166666667,-9,110,20,0,64,0.01996666666655056
303,510,3366.4171333333334,3369.8069333333333,3367.954133333333,3368.3591333333334,-144,-52,4,0,67,0.039799999999922786
304,512,3377.667266666667,3381.6822666666667,3379.654266666667,3380.109266666667,-9,110,21,0,80,0.01499999999987267
305,513,3382.3821333333335,3386.2569333333336,3384.4091333333336,3384.8041333333335,-144,-52,4,0,77,0.024800000000050115
306,515,3397.6721666666667,3401.4171,3399.369166666667,3399.909166666667,136,87,14,0,74,0.044933333333392333
307,517,3407.1272333333336,3410.6972333333333,3408.6042333333335,3409.119233333334,136,87,15,1,71,0.019999999999708695
308,518,3411.5721333333336,3415.5871333333334,3413.6141333333335,3414.0791333333336,-9,110,20,0,80,0.01499999999987267
309,519,3416.3571333333334,3419.7919666666667,3417.8641333333335,3418.3291333333336,136,87,13,0,68,0.034833333333244454
310,522,3433.3873333333336,3436.9169666666667,3435.109333333334,3435.4893333333334,114,91,1,0,70,0.029633333333094924
311,524,3444.1122333333333,3448.0428666666667,3445.669233333333,3446.294233333333,-136,-23,27,0,78,0.030633333333389245
312,525,3449.0071000000003,3452.7571000000003,3450.7141,3451.2291000000005,121,-76,23,0,75,0.0
313,526,3453.6371000000004,3456.8369333333335,3455.0341000000003,3455.4141000000004,-13,111,10,0,63,0.049833333333117125
314,528,3462.902066666667,3466.3377,3464.134066666667,3464.709066666667,-115,-100,17,0,68,0.03563333333304364
315,529,3467.3022,3471.2128333333335,3468.8542,3469.4342,-136,-23,27,0,78,0.010633333333407435
316,530,3472.0872000000004,3476.2472333333335,3474.1442,3474.6342000000004,-9,110,21,0,83,0.0100333333331033
317,533,3638.7821000000004,3643.2571000000003,3641.0191000000004,3641.6441000000004,-13,111,12,1,89,0.024999999999908873
318,536,3655.3719333333333,3658.9018333333333,3657.0839333333333,3657.4489333333336,-9,110,19,0,70,0.029899999999997817
319,538,3665.2419333333337,3668.4168,3666.648933333334,3666.9789333333338,-9,110,19,1,63,0.02486666666627535
320,539,3670.437166666667,3673.726966666667,3671.634166666667,3672.1391666666673,-144,-52,5,0,65,0.039800000000013824
321,542,3685.6219333333333,3689.5718,3687.7689333333333,3688.1439333333333,-13,111,10,0,78,0.04986666666682105
322,543,3690.3519333333334,3693.4317,3691.5889333333334,3691.9789333333333,-144,-52,4,0,61,0.029766666666728003
323,545,3698.4169333333334,3702.587566666667,3700.4089333333336,3700.9389333333334,-115,-100,17,0,83,0.020633333333625714
324,546,3703.4270333333334,3707.9177,3705.5290333333332,3706.1240333333335,-136,-23,27,0,89,0.04066666666658403
325,547,3710.162166666667,3713.9669333333336,3711.959166666667,3712.439166666667,-9,110,20,0,76,0.004766666666637054
326,548,3714.8269333333337,3718.9667000000004,3717.128933333334,3717.5389333333337,-136,-23,25,0,82,0.03976666666667317
327,549,3719.8219333333336,3723.511766666667,3721.7439333333336,3722.0789333333337,-9,110,19,0,73,0.03983333333335359
328,550,3724.467066666667,3728.692666666667,3726.379066666667,3726.929066666667,-115,-100,18,0,84,0.02559999999975826
329,551,3732.7219,3736.6575333333335,3734.4689,3734.9539,-136,-23,26,0,78,0.035633333333498385
330,552,3737.5020333333337,3741.5720333333334,3739.4640333333336,3739.9840333333336,136,87,15,0,81,0.01999999999970914
331,554,3746.9169,3750.901866666667,3748.7539,3749.3639000000003,125,-18,8,2,79,0.03496666666687798
332,555,3751.7519,3755.3067333333333,3753.4889000000003,3753.8789,125,-18,7,0,71,0.004833333333135403
333,556,3756.1919333333335,3760.3269,3758.1989333333336,3758.8089333333337,-13,111,11,0,82,0.034966666666513824
334,557,3766.1572333333334,3769.9770000000003,3767.884233333333,3768.3592333333336,121,-76,24,0,76,0.019766666666964472
335,559,3784.2071,3788.792266666667,3786.5091,3787.1641,125,-18,8,0,91,0.03516666666673718
336,561,3795.2268333333336,3799.3067333333333,3797.4388333333336,3797.8588333333337,136,87,13,0,81,0.029899999999725146
337,563,3806.1068333333337,3810.4618333333337,3808.323833333334,3808.933833333334,-144,-52,5,2,87,0.005000000000017657
338,564,3817.786966666667,3822.0425,3819.723966666667,3820.353966666667,125,-18,9,2,85,0.00553333333300543
339,565,3825.567066666667,3829.3718333333336,3827.334066666667,3827.834066666667,121,-76,23,0,76,0.004766666666637054
340,566,3830.1918333333333,3833.6967,3831.853833333333,3832.2688333333335,-144,-52,4,0,70,0.004866666666657693
341,570,3850.4118000000003,3853.7768333333333,3851.7838,3852.2688000000003,-9,110,20,0,67,0.015033333333030807
342,571,3854.6468,3857.6966666666667,3855.8638,3856.2488,121,-76,22,0,60,0.04986666666673045
343,575,3874.6270333333337,3878.7624333333333,3876.579033333334,3877.119033333334,-115,-100,17,0,82,0.03539999999966259
344,576,3879.5968000000003,3882.901766666667,3880.8338000000003,3881.3788000000004,114,91,2,0,66,0.00496666666658685
345,577,3883.7968,3886.9016666666666,3885.0888,3885.4488,-13,111,10,0,62,0.004866666666566655
346,578,3890.1170333333334,3893.8566333333333,3892.0290333333332,3892.4190333333336,121,-76,22,0,74,0.03959999999988195
347,580,3900.7717666666667,3904.9165666666668,3903.113766666667,3903.4537666666665,-115,-100,16,1,82,0.04480000000003148
348,581,3905.6718,3909.7818,3907.7288,3908.2588,-9,110,20,0,82,0.010000000000126796
349,582,3910.5519000000004,3914.8919,3912.7089000000005,3913.3089000000004,-144,-52,6,0,86,0.03999999999969095
350,583,3915.736766666667,3920.0417333333335,3918.038766666667,3918.538766666667,114,91,2,0,86,0.004966666666587294
351,586,3933.2221000000004,3937.3868333333335,3935.3441000000003,3935.8241000000003,114,91,3,2,83,0.014733333333060372
352,587,3938.2917666666667,3942.446766666667,3940.408766666667,3940.908766666667,121,-76,23,2,83,0.0050000000001997336
353,588,3943.2967333333336,3946.8866000000003,3945.0837333333334,3945.4637333333335,-144,-52,4,1,71,0.039866666666693806
354,590,3953.4867333333336,3957.7317333333335,3955.728733333334,3956.2187333333336,136,87,14,0,84,0.04499999999989068
355,591,3958.7067333333334,3962.3866000000003,3960.5937333333336,3960.9537333333333,114,91,1,0,73,0.029866666666839237
356,593,3968.376866666667,3972.4818,3970.448866666667,3970.9138666666668,114,91,3,1,82,0.00493333333306456
357,594,3973.3267333333333,3976.6667333333335,3974.6437333333333,3975.1687333333334,-144,-52,5,0,66,0.04000000000014525
358,595,3977.4668333333334,3981.6674666666668,3979.3888333333334,3979.9138333333335,-115,-100,18,0,84,0.0006333333333712332
359,596,3982.6267333333335,3986.6816000000003,3984.8187333333335,3985.2287333333334,121,-76,22,0,81,0.0048666666668397696
360,597,3987.5417333333335,3991.5267000000003,3989.2737333333334,3990.0287333333335,-13,111,11,0,79,0.03496666666687798
361,599,3997.9818333333337,4001.9468333333334,3999.8738333333336,4000.368833333334,121,-76,24,0,79,0.014999999999690594
362,600,4002.6368333333335,4007.1174333333333,4004.8188333333333,4005.3588333333337,-115,-100,18,0,89,0.0305999999998674
363,602,4012.0767,4015.4967,4013.4387,4013.9337,121,-76,23,0,68,0.020000000000072404
364,603,4016.3417000000004,4020.3415333333337,4018.4637000000002,4018.8987,114,91,1,0,79,0.0498333333332992
365,605,4026.2018333333335,4030.6524333333336,4028.3538333333336,4028.8888333333334,-136,-23,27,0,89,0.0006000000001220585
366,606,4031.441666666667,4035.1515333333336,4033.383666666667,4033.718666666667,-13,111,10,0,74,0.009866666666584756
367,607,4035.876666666667,4039.901566666667,4038.0786666666672,4038.438666666667,136,87,13,0,80,0.024899999999888678
368,608,4040.4666666666667,4043.9015333333336,4042.0736666666667,4042.4836666666665,125,-18,7,0,68,0.034866666666948376
369,609,4044.6717000000003,4048.4464666666668,4046.6587000000004,4047.0187000000005,-144,-52,4,0,75,0.02476666666643723
370,610,4049.2367000000004,4053.1367,4051.0587000000005,4051.6287,121,-76,23,0,78,-3.6415315207705135e-13
371,611,4053.996666666667,4058.2166666666667,4056.198666666667,4056.673666666667,136,87,14,0,84,0.019999999999799734
372,614,4069.691666666667,4073.9666666666667,4071.8286666666672,4072.4536666666672,-9,110,20,0,85,0.024999999999636202
373,615,4074.951666666667,4078.5565333333334,4076.6986666666667,4077.1186666666667,-136,-23,25,0,72,0.004866666666566655
374,616,4079.2616333333335,4082.8265,4080.9786333333336,4081.3736333333336,-115,-100,16,0,71,0.014866666666602857
375,617,4083.5968000000003,4088.026766666667,4085.9388000000004,4086.4338000000002,136,87,15,0,88,0.02996666666658676
376,618,4088.9266666666667,4092.3421000000003,4090.1936666666666,4090.6786666666667,-115,-100,17,0,68,0.015433333333566779
377,620,4100.911866666667,4104.7165,4102.908866666668,4103.273866666667,-9,110,19,0,76,0.0046333333331856075
378,621,4108.521766666667,4112.371733333333,4110.193766666666,4110.798766666667,125,-18,9,2,76,0.04996666666665961
379,622,4113.246633333333,4117.312266666667,4115.138633333333,4115.653633333333,-115,-100,17,0,81,0.015633333333608057
380,624,4123.2117333333335,4127.151766666667,4124.973733333333,4125.558733333333,-144,-52,6,0,78,0.04003333333330339
381,626,4140.746966666667,4144.921766666667,4142.898966666667,4143.3489666666665,-9,110,21,0,83,0.024800000000686495
382,629,4156.6466,4160.886566666667,4158.7536,4159.3586000000005,125,-18,8,0,84,0.039966666666987116
383,630,4161.8066,4166.041566666667,4163.9686,4164.5036,-144,-52,5,0,84,0.03496666666687798
384,631,4166.911633333333,4170.576566666667,4168.543633333333,4169.038633333334,114,91,2,0,73,0.014933333333464915
385,634,4185.4616000000005,4189.526533333334,4187.6086000000005,4188.038600000001,114,91,2,0,81,0.01493333333310165
386,635,4190.326566666667,4194.231433333333,4192.383566666666,4192.773566666667,125,-18,7,0,78,0.004866666666748287
387,636,4197.381966666667,4201.1367,4198.983966666667,4199.533966666667,121,-76,24,0,75,0.004733333333206247
388,638,4207.941733333333,4212.481666666667,4210.308733333333,4210.913733333333,-13,111,12,0,90,0.03993333333346527
389,640,4217.976566666667,4222.062166666667,4219.868566666667,4220.358566666667,-136,-23,26,0,81,0.0355999999994312
390,641,4222.921566666667,4226.311366666667,4224.488566666667,4224.878566666667,-136,-23,25,2,67,0.039799999999922786
391,643,4235.1767666666665,4238.886533333333,4236.893766666666,4237.378766666667,114,91,2,0,74,0.009766666666837232
392,644,4239.761533333333,4243.1214,4241.248533333333,4241.618533333333,-115,-100,16,0,67,0.009866666666675794
393,645,4243.8966666666665,4247.546666666667,4245.358666666667,4245.978666666667,121,-76,24,0,73,5.453415496958769e-13
394,649,4271.286766666667,4274.6565,4272.683766666667,4273.153766666667,114,91,2,0,67,0.01973333333298788
395,651,4288.6015333333335,4292.296533333333,4290.268533333334,4290.758533333334,-9,110,20,1,73,0.044999999999708606
396,653,4297.486633333334,4301.626633333333,4299.468633333334,4300.028633333334,-144,-52,6,0,82,0.03999999999941739
397,654,4302.406633333334,4306.436633333334,4304.348633333334,4304.863633333334,121,-76,24,0,80,0.02999999999974534
398,655,4307.131666666667,4311.216600000001,4309.013666666667,4309.628666666667,125,-18,9,0,81,0.03493333333353821
399,656,4312.0765,4316.0769666666665,4313.8735,4314.4185,-115,-100,17,0,80,0.0004666666663979413
400,657,4317.106633333334,4321.5472666666665,4319.2436333333335,4319.753633333334,-136,-23,27,0,88,0.04063333333269803
401,658,4322.461466666667,4326.481366666667,4324.658466666667,4325.043466666667,125,-18,7,0,80,0.019900000000234286
402,659,4327.1965,4330.906333333333,4329.0535,4329.4735,121,-76,22,0,74,0.009833333333335581
403,661,4336.976466666667,4340.281333333333,4338.458466666667,4338.828466666667,-136,-23,25,0,66,0.004866666666384578
404,662,4340.981466666667,4344.636466666667,4342.6084666666675,4343.103466666667,136,87,14,2,73,0.004999999999744986
405,664,4352.3215,4356.451866666667,4354.2735,4354.8385,125,-18,8,0,82,0.03036666666721377
406,665,4357.3466,4361.386566666667,4359.3436,4359.8186,-9,110,21,0,80,0.03996666666716919
407,666,4362.316466666667,4366.591466666667,4364.553466666667,4365.058466666667,121,-76,23,0,85,0.024999999999636202
408,667,4367.521466666667,4371.8071,4369.453466666667,4370.008466666667,-136,-23,26,0,85,0.03563333333295304
409,668,4372.6266000000005,4376.326566666667,4374.283600000001,4374.753600000001,136,87,15,0,73,0.049966666666113824
410,669,4377.126466666667,4380.731433333333,4378.7284666666665,4379.1884666666665,114,91,2,0,72,0.004966666666768926
411,670,4381.501466666667,4385.216333333334,4383.3984666666665,4383.753466666667,-9,110,19,0,74,0.014866666667148642
412,671,4385.846433333333,4389.4663,4387.603433333333,4388.033433333333,-115,-100,16,0,72,0.019866666666894073
413,674,4402.431433333333,4405.3913,4403.573433333333,4403.963433333333,125,-18,7,0,59,0.009866666667039503
414,675,4406.056433333333,4410.201300000001,4408.348433333334,4408.713433333333,114,91,1,0,82,0.044866666667439326
415,676,4410.966433333334,4415.061233333334,4413.193433333334,4413.618433333334,-136,-23,25,1,81,0.04479999999985029
416,678,4420.3418,4425.052166666667,4422.6838,4423.2938,-115,-100,18,0,94,0.010366666667141367
417,682,4459.6767666666665,4463.891500000001,4461.838766666667,4462.323766666666,114,91,3,2,84,0.014733333334151943
418,685,4474.4214,4477.6564,4475.6784,4476.133400000001,136,87,14,0,64,0.034999999999672404
419,688,4494.8715,4498.9665,4496.8585,4497.373500000001,-144,-52,6,0,81,0.045000000000254836
420,690,4510.031733333333,4513.8714666666665,4511.663733333333,4512.298733333333,125,-18,9,0,76,0.03973333333324236
421,691,4514.6814,4518.8412,4517.0384,4517.4134,-13,111,10,0,83,0.009799999999449582
422,692,4525.9616000000005,4530.121233333333,4528.2686,4528.6786,136,87,13,1,83,0.009633333332748961
423,693,4530.856366666667,4534.311333333334,4532.313366666667,4532.768366666667,136,87,14,0,69,0.004966666667132635
424,701,4580.4113333333335,4583.8262,4582.088333333333,4582.408333333334,-9,110,19,0,68,0.014866666666966566
425,703,4593.5263,4597.201166666667,4595.353300000001,4595.733300000001,-144,-52,4,2,73,0.02486666666627535
426,704,4597.951433333334,4602.106466666667,4600.003433333333,4600.518433333334,-9,110,21,0,83,0.005033333333448908
427,705,4602.8713,4606.1863,4604.2033,4604.6933,-9,110,20,1,66,0.01500000000050905
428,706,4606.931433333333,4610.5364,4608.468433333333,4608.973433333334,114,91,3,0,72,0.004966666666768926
429,707,4611.426333333334,4615.266166666667,4613.508333333334,4613.8133333333335,-13,111,10,0,76,0.03983333333344463
430,709,4621.1113000000005,4625.061333333334,4623.068300000001,4623.518300000001,-9,110,20,0,79,3.333333352184553e-05
431,710,4625.731433333333,4629.6714,4627.468433333333,4628.108433333334,-13,111,12,0,78,0.03996666666680504
432,711,4630.4863000000005,4633.9313,4631.8733,4632.393300000001,121,-76,23,0,68,0.044999999999708606
433,714,4645.821266666667,4649.376266666667,4647.268266666667,4647.798266666667,-144,-52,5,1,71,0.005000000000290772
434,715,4650.261266666667,4653.966133333333,4652.118266666667,4652.523266666667,-144,-52,4,0,74,0.004866666666020869
435,716,4654.691433333333,4658.8464,4656.688433333334,4657.3034333333335,-13,111,12,0,83,0.004966666666950559
436,717,4659.6513,4664.0462333333335,4661.8883000000005,4662.488300000001,-144,-52,5,0,87,0.04493333333302818
437,718,4664.8912666666665,4668.7011,4666.928266666667,4667.258266666667,-13,111,10,0,76,0.00983333333369929
438,719,4671.971500000001,4675.751233333333,4673.623500000001,4674.253500000001,-13,111,11,0,75,0.02973333333284245
439,720,4676.501366666667,4680.156366666667,4678.088366666668,4678.5783666666675,136,87,15,0,73,0.004999999999744986
440,723,4691.916266666667,4695.436266666667,4693.363266666667,4693.938266666667,-13,111,11,0,70,0.019999999999527063
441,724,4696.226366666667,4700.546966666667,4698.223366666667,4698.818366666666,-115,-100,18,0,86,0.020600000000013274
442,725,4701.411233333333,4705.941233333334,4703.8632333333335,4704.418233333333,121,-76,23,0,90,0.030000000000654836
443,726,4706.836233333333,4710.7011,4708.853233333333,4709.243233333334,125,-18,7,0,77,0.014866666666784933
444,728,4716.856266666667,4720.7812,4718.8332666666665,4719.278266666666,114,91,2,0,78,0.024933333333683194
445,730,4733.576233333333,4737.641066666667,4735.8232333333335,4736.208233333333,-115,-100,16,2,81,0.014833333333808874
446,733,4751.906433333334,4755.7660000000005,4753.923433333333,4754.298433333333,-144,-52,4,0,77,0.009566666666978474
447,734,4756.421200000001,4760.0760666666665,4758.3132000000005,4758.628200000001,-13,111,10,0,73,0.0048666666658387925
448,735,4761.5762,4765.5160000000005,4763.6682,4764.0932,-136,-23,25,0,78,0.03980000000010442
449,737,4771.9862,4775.641066666667,4773.8282,4774.198200000001,114,91,1,0,73,0.004866666666748287
450,741,4790.626200000001,4794.921166666667,4792.8432,4793.3882,-144,-52,5,0,85,0.04496666666636884
451,746,4825.286300000001,4829.611266666667,4827.598300000001,4828.0433,114,91,3,0,86,0.024966666666114357
452,748,4835.341266666667,4839.486233333334,4837.323266666667,4837.9182666666675,-144,-52,6,1,82,0.0449666666667321
453,749,4840.321166666667,4844.561166666667,4842.448166666667,4843.058166666667,-13,111,11,0,84,0.04000000000069104
454,750,4847.686166666667,4851.7968,4849.613166666667,4850.078166666667,-136,-23,26,0,82,0.010633333332770611
455,751,4852.586166666667,4856.831566666667,4854.613166666667,4855.198166666667,125,-18,8,0,84,0.045399999999790275
456,752,4857.6463,4861.626233333333,4859.4933,4860.058300000001,125,-18,9,0,79,0.029933333333064915
457,753,4862.521266666667,4866.7518,4864.503266666667,4865.078266666666,125,-18,9,0,84,0.03053333333336905
458,755,4872.966133333333,4875.941,4874.138133333333,4874.503133333334,114,91,1,0,59,0.024866666666457427
459,757,4888.696233333334,4892.861233333334,4890.733233333334,4891.278233333334,121,-76,24,0,83,0.014999999999963265
460,760,4904.1861,4908.311133333334,4906.3481,4906.7831,-9,110,20,0,82,0.02503333333370339
461,761,4914.7261,4917.830966666667,4916.0131,4916.3881,-9,110,19,2,62,0.004866666667476149
462,762,4918.656233333333,4922.971233333334,4920.808233333333,4921.368233333334,121,-76,24,0,86,0.015000000000509495
463,764,4928.3211,4932.831700000001,4930.5781,4931.1681,-115,-100,17,2,90,0.010600000000522414
464,765,4933.6561,4937.9061,4935.8381,4936.4031,-13,111,11,0,85,0.0
465,767,4943.841233333334,4948.226833333333,4945.918233333334,4946.463233333334,-136,-23,27,0,87,0.035599999999612386
466,768,4949.1211,4952.600933333333,4950.7631,4951.163100000001,121,-76,22,0,69,0.029833333332862644
467,769,4953.4611,4957.796066666667,4955.6831,4956.2731,136,87,14,2,86,0.034966666666332635
468,770,4958.536066666667,4963.1267,4960.783066666667,4961.428066666666,-136,-23,26,0,91,0.04063333333324426
469,772,4971.231066666667,4974.860900000001,4973.053066666667,4973.433066666667,136,87,13,0,72,0.02983333333340843
470,774,4980.5912,4984.5162,4982.473199999999,4982.9932,-9,110,21,2,78,0.025000000000181544
471,775,4985.506066666667,4989.4559,4987.648066666667,4987.998066666667,-13,111,10,0,78,0.049833333333117125
472,776,4990.211033333334,4994.015933333333,4992.238033333334,4992.563033333334,-9,110,19,1,76,0.0048999999991790055
473,777,4997.711066666667,5001.5159,4999.633066666666,5000.033066666667,136,87,13,0,76,0.004833333333590151
474,778,5016.821366666667,5020.736133333334,5018.548366666667,5019.173366666667,-13,111,12,0,78,0.014766666666764294
475,779,5021.501166666667,5025.096166666667,5022.993166666667,5023.503166666667,136,87,15,0,71,0.04500000000025439
476,781,5030.416133333333,5034.501133333333,5032.403133333333,5032.903133333333,136,87,15,0,81,0.03500000000003656
477,782,5276.966,5280.506,5278.378000000001,5278.918000000001,-9,110,21,0,70,0.03999999999996362
478,783,5281.3259,5285.345733333334,5283.5079,5283.8829,136,87,13,0,80,0.019833333333735936
479,784,5286.235866666667,5290.270833333334,5288.157866666666,5288.752866666667,125,-18,8,0,80,0.03496666666706005
480,785,5291.215966666667,5295.415966666667,5293.127966666667,5293.7779666666665,-144,-52,6,0,84,7.274181257344026e-13
481,788,5306.265866666667,5309.8157,5307.947866666666,5308.352866666667,-136,-23,25,0,70,0.04983333333348128
482,791,5321.7062000000005,5326.1216,5323.823200000001,5324.358200000001,-115,-100,18,2,88,0.015399999999862857
483,792,5326.985966666667,5331.1159333333335,5328.9479666666675,5329.557966666667,-13,111,12,0,82,0.029966666666404684
484,793,5332.095833333334,5336.115833333333,5334.1078333333335,5334.612833333334,-9,110,20,2,80,0.019999999999527063
485,794,5336.870833333333,5340.550700000001,5338.777833333334,5339.102833333333,-9,110,19,0,73,0.029866666667293984
486,795,5343.7412,5347.675933333334,5345.6032000000005,5346.1232,-9,110,21,0,78,0.03473333333349693
487,796,5348.455800000001,5352.050666666667,5350.3028,5350.612800000001,-13,111,10,2,71,0.0448666666663482
488,797,5352.8808,5356.6458,5354.4678,5355.1478,-13,111,11,2,75,0.015000000000327418
489,798,5360.410800000001,5364.190666666667,5362.282800000001,5362.7128,-115,-100,16,0,75,0.029866666666748642
490,799,5365.000800000001,5368.505700000001,5366.662800000001,5367.0528,125,-18,7,0,70,0.004899999999906868
491,801,5377.775933333333,5381.236533333334,5379.007933333333,5379.477933333334,-136,-23,27,0,69,0.010600000000340337
492,804,5392.025766666667,5396.2608,5394.202766666666,5394.722766666667,136,87,14,0,84,0.035033333333376326
493,805,5397.765933333334,5401.330933333334,5399.192933333334,5399.732933333334,136,87,15,0,71,0.014999999999599556
494,806,5404.761033333333,5408.925566666667,5407.088033333333,5407.478033333333,-144,-52,4,0,83,0.014533333333565324
495,807,5412.501,5415.8008,5413.738,5414.293000000001,-13,111,11,0,65,0.049799999999777356
496,808,5416.680766666667,5420.660733333333,5418.557766666668,5419.092766666668,-144,-52,5,0,79,0.029966666665859343
497,809,5428.561166666667,5431.990900000001,5429.823166666667,5430.358166666667,-9,110,21,0,68,0.02973333333338779
498,810,5432.8559000000005,5436.190866666667,5434.017900000001,5434.602900000001,121,-76,24,0,66,0.03496666666633219
499,812,5442.625766666667,5446.3306,5444.502766666667,5444.872766666667,114,91,1,0,74,0.004833333333226442
500,813,5447.100766666667,5451.1757333333335,5449.187766666668,5449.667766666667,114,91,2,0,81,0.024966666666114357
501,814,5454.2261,5458.410866666667,5456.2831,5456.8131,136,87,15,0,83,0.03476666666720085
502,815,5459.270866666667,5463.5215,5461.227866666667,5461.747866666667,-136,-23,27,0,85,0.0006333333330985624
503,816,5464.445833333333,5469.1314,5466.897833333333,5467.4428333333335,125,-18,9,0,93,0.035566666667000035
504,819,5480.345733333334,5484.696366666667,5482.477733333333,5482.972733333334,-136,-23,26,0,87,0.0006333333334618274
505,821,5490.465833333334,5494.315833333334,5492.127833333334,5492.747833333334,121,-76,24,0,77,3.637090628672013e-13
506,823,5504.215733333333,5508.326333333333,5506.122733333334,5506.682733333333,-115,-100,17,0,82,0.010599999999976184
507,824,5509.2007,5512.925533333334,5511.0827,5511.4777,125,-18,7,1,74,0.024833333333663
508,825,5513.690733333334,5517.800700000001,5515.6177333333335,5516.277733333334,-13,111,11,0,82,0.009966666666877622
509,828,5691.4707,5695.395666666667,5693.2577,5693.8327,114,91,3,0,78,0.024966666667387116
510,831,5706.965733333333,5710.6956666666665,5708.532733333333,5709.072733333333,-144,-52,6,0,74,0.029933333333064915
511,835,5732.5307,5736.160633333334,5734.0027,5734.5977,-13,111,12,0,72,0.0299333333336107
512,840,5761.1655,5764.4454000000005,5762.5825,5762.9975,-115,-100,16,0,65,0.029900000000452565
513,841,5765.295666666667,5769.035633333334,5766.982666666667,5767.467666666666,114,91,3,0,74,0.039966666666987116
514,842,5769.8956333333335,5773.675666666667,5771.532633333333,5772.112633333333,121,-76,24,2,75,0.030033333333449264
515,843,5774.535533333334,5778.365366666667,5776.482533333334,5776.932533333334,121,-76,22,0,76,0.029833333333226353
516,844,5779.1856333333335,5783.305600000001,5781.1276333333335,5781.732633333333,125,-18,9,2,82,0.0199666666670959
517,845,5784.325533333334,5788.5055,5786.377533333333,5786.997533333333,121,-76,23,1,83,0.02996666666658676
518,846,5789.4105,5793.650533333333,5791.6275,5792.1175,-9,110,20,0,84,0.040033333333485466
519,847,5794.445633333334,5798.3506333333335,5796.237633333334,5796.772633333334,-9,110,21,1,78,0.004999999999744986
520,849,5803.5855,5807.365333333333,5805.5325,5805.9075,-115,-100,16,0,75,0.02983333333304472
521,850,5809.870733333333,5813.740366666667,5811.857733333333,5812.282733333333,121,-76,22,0,77,0.019633333333695102
522,851,5814.515600000001,5818.2106,5816.082600000001,5816.642600000001,125,-18,9,0,73,0.044999999999708606
523,853,5823.9956,5828.521233333334,5826.082600000001,5826.747600000001,-136,-23,27,0,90,0.02563333333364426
524,854,5831.685733333334,5835.2705000000005,5833.207733333334,5833.737733333333,121,-76,23,0,71,0.03476666666683714
525,858,5852.460566666667,5856.760566666667,5854.582566666667,5855.1875666666665,125,-18,9,0,86,1.8207657603852567e-13
526,859,5857.570466666667,5861.7403,5859.857466666667,5860.317466666667,125,-18,7,0,83,0.019833333333371783
527,860,5862.660566666667,5866.820566666667,5864.757566666667,5865.262566666667,114,91,3,1,83,0.009999999999854126
528,861,5867.740566666667,5872.2412,5870.002566666667,5870.507566666667,-115,-100,18,0,90,0.0006333333330985624
529,862,5872.970433333334,5877.3111,5875.1024333333335,5875.592433333334,-136,-23,26,0,86,0.04066666666603869
530,863,5878.235566666667,5882.555566666667,5880.337566666667,5880.957566666667,-13,111,12,0,86,0.01999999999970914
531,864,5891.240566666667,5895.335533333334,5893.287566666667,5893.762566666667,136,87,15,1,81,0.044966666666550914
532,865,5898.460666666667,5902.6954000000005,5900.542666666667,5901.157666666667,-13,111,11,0,84,0.034733333333679006
533,866,5903.435466666667,5907.645433333334,5905.557466666667,5906.092466666667,121,-76,23,0,84,0.009966666667241775
534,867,5910.560666666667,5914.255300000001,5912.502666666667,5912.812666666668,-9,110,19,0,73,0.04463333333351294
535,872,5935.8204000000005,5939.786033333334,5937.6374000000005,5938.1374000000005,-115,-100,17,1,79,0.015633333333243904
536,873,5940.615400000001,5943.9753,5942.147400000001,5942.5474,-136,-23,25,0,67,0.009899999999470221
537,875,5950.2604,5954.2408000000005,5952.0174,5952.6124,125,-18,8,0,79,0.03040000000037235
538,877,5960.495400000001,5964.210233333333,5962.437400000001,5962.7574,-13,111,10,2,74,0.014833333332535226
539,881,5979.3204000000005,5982.915366666667,5980.9574,5981.392400000001,114,91,2,0,71,0.04496666666655047
540,883,5988.905366666667,5992.525366666667,5990.477366666667,5990.9973666666665,-144,-52,5,2,72,0.019999999999890772
541,886,6003.030466666667,6007.2905,6005.162466666667,6005.682466666667,121,-76,24,0,85,0.010033333333012706
542,888,6016.150366666667,6019.2102,6017.3723666666665,6017.772366666667,-144,-52,4,0,61,0.00983333333369929
543,889,6019.950333333333,6023.7702,6021.962333333333,6022.342333333333,114,91,1,0,76,0.019866666666711996
544,890,6024.6403666666665,6029.025333333334,6026.987366666666,6027.487366666666,136,87,14,0,87,0.03496666666742332
545,893,6040.410333333333,6043.8802000000005,6042.077333333334,6042.427333333333,114,91,1,1,69,0.019866666667257782
546,894,6044.820366666667,6049.1002,6047.227366666667,6047.642366666667,-136,-23,25,0,85,0.02983333333304472
547,895,6049.845333333334,6052.7752,6050.9473333333335,6051.347333333334,136,87,13,2,58,0.02986666666638449
548,896,6275.345200000001,6278.475066666667,6276.6472,6277.0272,136,87,13,0,62,0.029866666666202857
549,897,6279.425200000001,6283.495033333334,6281.6472,6282.032200000001,-144,-52,4,0,81,0.019833333333008518
550,898,6284.4802,6288.7452,6286.5472,6287.1772,-144,-52,5,0,85,0.015000000000327418
551,900,6307.185166666667,6310.790033333334,6308.9371666666675,6309.317166666667,136,87,13,2,72,0.004866666666566655
552,901,6311.665300000001,6315.996,6313.5573,6314.2273000000005,-136,-23,27,2,86,0.03069999999952433
553,906,6338.545166666667,6341.93,6340.122166666667,6340.507166666667,121,-76,22,0,67,0.03483333333351757
554,910,6358.240266666667,6361.710266666667,6359.637266666667,6360.147266666667,-9,110,21,0,69,0.02000000000025448
555,914,6390.7653666666665,6394.7901,6392.717366666667,6393.272366666666,-144,-52,5,0,80,0.024733333333642804
556,915,6395.7652333333335,6400.055600000001,6397.817233333333,6398.3722333333335,-144,-52,6,0,85,0.040366666667068785
557,916,6401.170133333334,6404.655133333334,6402.557133333334,6403.127133333334,125,-18,8,0,69,0.034999999999672404
558,918,6414.080333333333,6418.0849333333335,6416.207333333334,6416.632333333333,-13,111,10,0,80,0.004600000000209548
559,919,6419.0701,6422.539966666667,6420.7121,6421.0971,136,87,13,0,69,0.019866666667257782
560,922,6433.9451,6437.8057,6435.5471,6436.0871,-136,-23,26,0,77,0.010599999999976628
561,923,6441.3701,6445.229966666667,6443.4121000000005,6443.7871000000005,114,91,1,0,77,0.009866666666675794
562,924,6457.315100000001,6460.915033333334,6458.9121000000005,6459.382100000001,114,91,2,1,71,0.04993333333295569
563,925,6464.490466666667,6468.510200000001,6466.317466666667,6466.9524666666675,136,87,15,0,80,0.019733333333533665
564,927,6474.465200000001,6478.620833333333,6476.377200000001,6476.9022,-115,-100,18,0,83,0.005633333332843549
565,930,6491.6503,6496.150033333333,6494.0223000000005,6494.6223,125,-18,8,0,89,0.04973333333309693
566,931,6496.960166666667,6500.590166666667,6498.537166666667,6498.997166666667,136,87,15,0,72,0.03000000000010905
567,932,6501.715033333334,6505.664900000001,6503.897033333334,6504.2220333333335,-9,110,19,0,78,0.04986666666682105
568,933,6506.425066666667,6509.680033333334,6507.517066666666,6508.1920666666665,114,91,2,0,65,0.004966666667314712
569,934,6510.305166666667,6514.185166666667,6512.062166666667,6512.567166666667,-144,-52,6,0,77,0.03000000000010905
570,935,6515.030033333333,6518.6349,6516.7670333333335,6517.1820333333335,-144,-52,4,0,72,0.004866666666566655
571,936,6524.2654,6527.915166666667,6525.6974,6526.3324,-13,111,12,0,72,0.04976666666643714
572,938,6532.780066666667,6536.179866666667,6534.367066666668,6534.732066666667,-136,-23,25,2,67,0.049800000000141065
573,942,6554.695133333334,6558.890133333333,6556.837133333333,6557.317133333334,-9,110,21,2,83,0.044999999999708606
574,943,6559.77,6563.915,6561.777,6562.337,-144,-52,5,0,82,0.04499999999952653
575,944,6564.980033333333,6568.620633333334,6566.4320333333335,6566.9720333333335,-115,-100,17,0,72,0.040600000000631464
576,945,6569.58,6573.400633333334,6571.172,6571.702,-136,-23,26,0,76,0.020633333333716752
577,947,6579.995,6584.2455,6582.072,6582.577,-115,-100,17,0,85,0.0005000000001018634
578,948,6587.875033333334,6592.180033333334,6590.107033333334,6590.677033333333,-9,110,20,0,86,0.005000000000291216
579,949,6592.930033333334,6597.074866666667,6595.167033333334,6595.637033333334,125,-18,7,0,82,0.04483333333282591
580,951,6602.825000000001,6606.994966666667,6604.867000000001,6605.457,125,-18,8,0,83,0.019966666666368482
581,952,6608.015,6611.824833333334,6609.907,6610.362,121,-76,22,0,76,0.00983333333369929
582,953,6612.46,6616.5098333333335,6614.662,6615.062,125,-18,7,0,80,0.04983333333348128
583,955,6623.0651333333335,6627.0901,6624.942133333334,6625.487133333333,121,-76,24,0,80,0.024966666666841775
584,956,6627.83,6631.979966666667,6630.0019999999995,6630.472,114,91,2,0,82,0.04996666666684124
585,957,6632.8901000000005,6637.290633333334,6635.0271,6635.627100000001,125,-18,9,0,88,0.0005333333334416324
586,958,6638.044966666667,6641.369833333334,6639.591966666667,6639.936966666667,-9,110,19,0,66,0.024866666666821136
587,959,6644.6502,6648.309933333334,6646.2072,6646.7922,125,-18,8,0,73,0.009733333333860728
588,960,6649.245,6653.574966666667,6651.567,6652.067,136,87,14,0,86,0.02996666666713299
589,961,6656.465200000001,6660.2456,6658.0722000000005,6658.592200000001,-115,-100,17,0,75,0.030399999999644933
590,962,6661.1301,6665.415066666667,6663.2871000000005,6663.8471,136,87,15,2,85,0.03496666666706005
591,965,6680.034966666667,6683.699933333333,6681.561966666667,6682.181966666667,125,-18,8,0,73,0.014966666666259343
592,967,6689.330066666667,6693.6251,6691.402066666667,6692.052066666667,-13,111,12,0,85,0.04503333333286719
593,968,6694.4149333333335,6698.129933333334,6696.071933333334,6696.581933333334,121,-76,23,0,74,0.015000000000145342
594,970,6704.439933333334,6708.494933333333,6706.4019333333345,6706.971933333334,-13,111,11,0,81,0.004999999999381721
595,972,6715.465066666667,6719.385033333334,6717.382066666667,6717.832066666667,114,91,3,0,78,0.019966666667277977
596,973,6720.149933333334,6723.8549,6721.746933333334,6722.351933333334,-13,111,11,0,74,0.004966666666223141
597,974,6727.704933333333,6731.510566666667,6729.2319333333335,6729.826933333334,-136,-23,26,2,76,0.005633333333389334
598,976,6737.355033333333,6741.340700000001,6739.082033333333,6739.592033333333,-115,-100,18,0,79,0.035666666667384384
599,977,6742.2249,6746.524766666667,6744.6419000000005,6745.0519,-115,-100,16,0,85,0.0498666666671852
600,978,6747.2649,6750.749766666667,6748.9269,6749.3219,-136,-23,25,0,69,0.034866666666675705
601,979,6751.4999333333335,6755.825566666667,6753.561933333333,6754.116933333334,-136,-23,26,0,86,0.025633333333826336
602,980,6756.6849,6760.775533333333,6758.4819,6759.0869,-136,-23,26,2,81,0.04063333333324426
603,981,6776.155033333333,6780.670666666667,6778.292033333333,6778.907033333334,-136,-23,27,0,90,0.01563333333342598
604,982,6784.305133333333,6788.214733333333,6786.357133333333,6786.767133333334,121,-76,22,0,78,0.009599999999954534
605,983,6789.004866666667,6792.244733333334,6790.396866666667,6790.801866666667,125,-18,7,0,64,0.039866666666784845
606,984,6793.0499,6796.994766666667,6795.1969,6795.5669,114,91,1,0,78,0.04486666666671191
607,985,6798.590233333333,6802.465633333333,6800.232233333333,6800.742233333333,-115,-100,18,0,77,0.025399999999899503
608,986,6806.900000000001,6810.465033333334,6808.392000000001,6808.897000000001,121,-76,24,0,71,0.015033333333303478
609,988,6818.814866666667,6822.094866666667,6820.156866666666,6820.576866666666,136,87,14,0,65,0.030000000000654836
610,992,6838.204866666667,6842.2154666666665,6840.061866666667,6840.561866666667,-115,-100,17,1,80,0.010599999999612919
611,993,6842.989866666667,6847.014833333334,6844.936866666667,6845.491866666667,-144,-52,5,0,80,0.024966666666841775
612,994,6847.804966666667,6852.139966666667,6849.956966666667,6850.561966666666,-13,111,12,0,86,0.03500000000003656
613,996,6864.134966666667,6868.215566666667,6865.951966666667,6866.466966666668,-115,-100,18,0,81,0.03059999999932206
614,998,6880.239833333334,6884.329833333333,6882.331833333334,6882.821833333334,136,87,14,2,81,0.0399999999992362
615,999,6885.164966666667,6889.029933333333,6886.951966666667,6887.466966666667,114,91,3,0,77,0.01496666666607771
616,1000,6889.784866666667,6894.0748,6891.976866666667,6892.546866666667,125,-18,8,0,85,0.03993333333346527
617,1002,6899.819933333333,6903.5299,6901.426933333333,6901.961933333333,-144,-52,6,2,74,0.009966666667241775
618,1005,6914.964833333333,6919.169833333333,6917.141833333333,6917.646833333333,-9,110,20,0,84,0.004999999999927063
619,1006,6919.994933333333,6924.1049,6921.976933333333,6922.506933333333,-144,-52,6,0,82,0.009966666666877622
620,1008,6928.950166666667,6933.170466666667,6930.9371666666675,6931.487166666668,125,-18,9,0,84,0.0202999999999518
621,1009,6933.9148000000005,6937.114666666667,6935.2568,6935.6818,-115,-100,16,0,63,0.04986666666682105
622,1011,6942.884800000001,6946.934633333333,6945.151800000001,6945.496800000001,-9,110,19,0,80,0.04983333333257178
623,1012,6947.659833333334,6951.369666666667,6949.571833333334,6949.931833333334,136,87,13,0,74,0.009833333333335581
624,1014,6959.9798,6963.869633333334,6962.0218,6962.4318,-115,-100,16,0,77,0.03983333333362671
625,1016,6972.990133333334,6977.515533333333,6975.202133333334,6975.742133333334,-136,-23,27,0,90,0.025399999999535794
626,1017,6980.1602,6984.4049,6982.3472,6982.8372,136,87,15,0,84,0.04470000000019336
627,1018,6985.134041458059,6989.189041458059,6987.046041458059,6987.676041458059,125,-18,8,0,81,0.005000000000291216
628,1019,6990.214041458059,6993.463874791392,6991.626041458059,6992.036041458059,125,-18,7,1,64,0.0498333333332992
629,1020,6994.429041458059,6998.618874791392,6996.7610414580595,6997.176041458059,-136,-23,25,0,83,0.039833333332898846
630,1021,6999.534174791393,7003.774174791392,7001.6361747913925,7002.186174791393,121,-76,24,0,84,0.039999999999781544
631,1022,7004.794008124725,7008.909041458059,7006.816008124725,7007.316008124725,121,-76,23,2,82,0.01503333333348511
632,1023,7009.809008124726,7013.8846414580585,7011.5810081247255,7012.196008124725,-136,-23,26,0,81,0.02563333333291684
633,1024,7014.684008124726,7018.903874791392,7017.091008124726,7017.471008124726,-144,-52,4,2,84,0.019866666666348287
634,1025,7019.8990414580585,7024.369041458059,7022.241041458058,7022.811041458059,-13,111,11,0,89,0.02000000000025448
635,1026,7025.329008124726,7028.933874791393,7027.071008124726,7027.476008124726,125,-18,7,0,72,0.004866666666566655
636,1031,7053.394008124726,7056.653874791392,7054.801008124726,7055.201008124725,-115,-100,16,0,65,0.009866666666312085
637,1034,7074.579008124726,7078.433841458059,7076.651008124726,7076.981008124726,-13,111,10,1,77,0.004833333332862733
638,1041,7111.054074791392,7114.949041458059,7112.941074791392,7113.361074791392,114,91,3,2,77,0.04496666666673255
639,1042,7118.294174791392,7121.743974791392,7119.726174791392,7120.211174791392,136,87,14,1,68,0.0498000000003227
640,1045,7136.843941458059,7140.183941458059,7138.165941458059,7138.650941458059,136,87,14,0,66,0.04000000000014525
641,1047,7203.178908124725,7206.353774791392,7204.495908124725,7204.920908124725,125,-18,7,0,63,0.024866666667184845
642,1048,7207.269008124726,7211.544041458059,7209.4560081247255,7209.946008124725,-9,110,21,0,85,0.025033333333340124
643,1049,7212.558908124725,7216.088874791392,7214.060908124726,7214.560908124726,114,91,2,0,70,0.029966666666950914
644,1050,7217.013908124725,7220.418874791392,7218.415908124725,7218.930908124726,114,91,2,0,68,0.004966666666950559
645,1051,7231.034141458059,7235.123874791392,7233.051141458059,7233.616141458059,114,91,2,0,81,0.039733333333242804
646,1052,7236.023874791392,7239.9839081247255,7237.855874791392,7238.3708747913915,121,-76,23,0,79,0.010033333333740124
647,1055,7253.978874791393,7257.6687081247255,7255.880874791393,7256.235874791392,136,87,13,0,73,0.039833333332898846
648,1056,7258.443874791392,7262.183708124726,7260.420874791392,7260.750874791392,-13,111,10,0,74,0.03983333333399042
649,1058,7279.509208124726,7283.513974791393,7281.286208124726,7281.941208124726,-9,110,21,0,80,0.004766666666910169
650,1059,7288.324074791392,7291.858841458059,7289.786074791393,7290.326074791393,125,-18,8,0,70,0.03476666666665551
651,1061,7297.963841458059,7302.013841458059,7299.865841458059,7300.480841458058,-13,111,11,0,81,1.8207657603852567e-13
652,1062,7302.923841458059,7307.013808124726,7304.9408414580585,7305.475841458058,125,-18,8,0,81,0.03996666666735127
653,1063,7307.913974791392,7312.379574791392,7310.055974791392,7310.620974791393,-115,-100,18,0,89,0.015599999999539982
654,1067,7329.9542081247255,7333.623974791392,7331.486208124726,7332.036208124726,-13,111,12,1,73,0.019766666666873434
655,1068,7336.639208124726,7340.668908124726,7338.491208124726,7339.076208124726,-144,-52,6,0,80,0.02970000000004802
656,1070,7349.739141458059,7354.1544414580585,7351.876141458059,7352.486141458059,125,-18,9,0,88,0.015299999999660585
657,1072,7360.523941458059,7364.838908124726,7362.710941458059,7363.250941458059,136,87,15,0,86,0.014966666666805573
658,1075,7375.873774791392,7379.668641458059,7377.835774791392,7378.235774791392,-136,-23,25,0,75,0.04486666666707606
659,1076,7380.573908124726,7384.058941458059,7381.9659081247255,7382.460908124725,121,-76,24,0,69,0.035033333333376326
660,1078,7390.068808124725,7393.543608124725,7391.715808124725,7392.115808124725,-115,-100,16,0,69,0.024799999999959077
661,1080,7425.978741458059,7430.028774791393,7427.985741458058,7428.475741458059,136,87,14,0,81,3.3333333885998684e-05
662,1081,7430.978774791392,7434.888741458059,7432.745774791392,7433.330774791392,-144,-52,5,0,78,0.009966666666150203
663,1084,7446.353774791392,7450.448608124726,7448.635774791393,7449.015774791393,-9,110,19,0,81,0.044833333333554215
664,1086,7533.998708124725,7537.823708124725,7535.790708124726,7536.280708124726,-9,110,20,2,76,0.024999999999817835
665,1087,7541.623908124726,7545.403541458059,7543.525908124726,7543.9659081247255,125,-18,7,0,75,0.029633333333549672
666,1089,7551.593808124726,7555.628774791392,7553.540808124726,7554.055808124726,114,91,3,0,80,0.03496666666615056
667,1090,7556.428841458059,7560.014441458059,7557.670841458059,7558.230841458058,-136,-23,27,1,71,0.03560000000034025
668,1092,7571.733674791392,7575.593641458059,7573.625674791392,7574.090674791392,114,91,2,0,77,0.009966666666878066
669,1093,7576.373674791393,7580.653674791392,7578.605674791393,7579.135674791392,-9,110,20,0,85,0.02999999999974534
670,1096,7594.223641458059,7598.0943747913925,7595.855641458059,7596.365641458059,-136,-23,26,0,77,0.020733333333191606
671,1098,7607.118874791392,7610.328508124726,7608.520874791392,7608.875874791392,-13,111,10,0,64,0.009633333333840532
672,1099,7611.103741458059,7615.139474791392,7612.795741458059,7613.355741458059,-136,-23,27,1,80,0.035733333333155315
673,1100,7616.008674791392,7619.668508124725,7617.865674791392,7618.215674791392,114,91,1,0,73,0.009833333333153504
674,1101,7620.428774791392,7624.293774791392,7622.275774791392,7622.750774791392,-9,110,21,0,77,0.014999999999781632
675,1102,7630.538674791393,7634.4684747913925,7632.615674791393,7633.020674791393,-115,-100,16,2,78,0.02979999999988614
676,1103,7637.603874791393,7641.3436081247255,7639.1658747913925,7639.835874791393,125,-18,8,0,74,0.03973333333287865
677,1106,7653.463608124725,7657.869241458059,7655.675608124726,7656.210608124726,-115,-100,17,1,88,0.005633333333753043
678,1108,7665.778974791392,7669.733741458059,7667.660974791392,7668.150974791392,121,-76,24,0,79,0.004766666666728092
679,1109,7670.873608124725,7674.278608124726,7672.305608124725,7672.775608124725,114,91,2,0,68,0.005000000000654481
680,1110,7675.213741458059,7679.078674791393,7676.9157414580595,7677.480741458059,125,-18,9,1,77,0.014933333333283283
681,1111,7682.893974791392,7686.453708124725,7684.290974791392,7684.895974791392,-13,111,12,0,71,0.009733333333497018
682,1112,7687.288608124725,7690.218441458059,7688.375608124726,7688.780608124725,-144,-52,4,0,58,0.029833333333590062
683,1113,7691.038608124725,7694.283441458059,7692.425608124725,7692.855608124725,-136,-23,25,1,64,0.04483333333409956
684,1115,7700.838641458059,7704.298574791393,7702.155641458059,7702.780641458059,-13,111,11,2,69,0.009933333333537853
685,1116,7707.663808124726,7711.528441458059,7709.645808124726,7710.095808124725,-136,-23,25,0,77,0.014633333333585963
686,1118,7719.973608124726,7723.918374791392,7722.090608124726,7722.500608124726,-144,-52,4,0,78,0.044766666666509636
687,1119,7726.793808124726,7731.4542081247255,7729.195808124726,7729.755808124726,-136,-23,26,1,93,0.010399999999753717
688,1122,7742.378708124726,7746.763674791392,7744.585708124726,7745.215708124726,-13,111,12,0,87,0.034966666666513824
689,1127,7785.948641458059,7790.298674791392,7788.145641458059,7788.725641458059,121,-76,24,0,87,3.333333315769238e-05
690,1129,7796.298508124725,7799.523374791393,7797.650508124725,7798.080508124725,-115,-100,16,0,64,0.02486666666736692
691,1130,7800.358641458059,7804.483674791392,7802.395641458059,7802.9206414580585,121,-76,24,0,82,0.02503333333370339
692,1137,7835.198541458059,7839.218541458059,7837.020541458059,7837.630541458058,121,-76,23,0,80,0.020000000000436557
693,1139,7844.788508124726,7848.548341458059,7846.730508124726,7847.125508124726,121,-76,22,0,75,0.009833333333517658
694,1141,7853.288608124725,7857.388641458059,7855.060608124725,7855.810608124725,-9,110,21,0,82,3.333333406718708e-05
695,1142,7860.728841458059,7864.858608124726,7862.7358414580585,7863.300841458059,125,-18,9,0,82,0.029766666666909636
696,1145,7880.048841458059,7884.769208124726,7882.465841458059,7883.020841458058,-115,-100,18,2,94,0.020366666667359645
697,1146,7887.873708124725,7891.388341458059,7889.580708124726,7889.935708124725,136,87,13,1,70,0.014633333333222254
698,1147,7892.308474791393,7896.358474791392,7894.310474791393,7894.780474791392,136,87,14,0,81,-7.274181257344026e-13
699,1148,7897.278474791392,7901.108341458059,7899.355474791392,7899.685474791392,-9,110,19,0,76,0.029866666666930275
700,1149,7904.003708124726,7907.613308124725,7905.8157081247255,7906.180708124725,114,91,1,2,72,0.009599999999772901
701,1150,7908.548474791392,7912.218441458059,7910.145474791392,7910.7004747913925,125,-18,8,2,73,0.019966666666368482
702,1151,7913.123474791392,7917.048274791392,7915.195474791392,7915.600474791392,-136,-23,25,2,78,0.024799999999777
703,1152,7917.933474791393,7921.299074791392,7919.185474791393,7919.685474791393,-115,-100,17,0,67,0.015599999999176273
704,1153,7922.053474791393,7925.193441458059,7923.175474791393,7923.685474791392,114,91,2,0,62,0.03996666666662341
705,1154,7926.118441458058,7929.753474791392,7927.750441458058,7928.245441458059,-9,110,20,0,72,0.03503333333392211
706,1155,7930.673441458059,7934.533941458059,7932.3554414580585,7932.880441458059,-115,-100,17,0,77,0.010500000000683851
707,1156,7937.553808124726,7941.578574791392,7939.495808124726,7939.980808124726,136,87,15,1,80,0.02476666666643723
708,1157,7942.313574791392,7946.894208124726,7944.530574791392,7945.110574791392,-136,-23,27,0,91,0.030633333333935475
709,1158,7947.678474791393,7951.158308124725,7949.335474791393,7949.720474791393,136,87,13,0,69,0.029833333332862644
710,1159,7952.008441458059,7955.679074791393,7953.455441458059,7953.960441458059,-136,-23,26,1,73,0.02063333333408046
711,1161,7964.318474791392,7968.814108124726,7966.570474791392,7967.080474791392,-136,-23,26,0,89,0.04563333333389874
712,1163,7974.3635414580585,7978.583541458059,7976.395541458059,7977.020541458059,-13,111,12,0,84,0.02000000000025448
713,1165,7985.723641458058,7989.5790747913925,7987.395641458058,7987.945641458058,-115,-100,17,0,77,0.005433333334076362
714,1166,7990.408408124726,7994.079041458059,7991.915408124725,7992.430408124726,-115,-100,17,0,73,0.020633333333170967
715,1168,8000.938408124725,8004.328274791393,8002.530408124725,8002.895408124726,-144,-52,4,0,67,0.03986666666733063
716,1170,8010.583408124726,8013.898241458059,8012.055408124726,8012.465408124725,-13,111,10,0,66,0.014833333332898935
717,1172,8020.233408124725,8024.123241458059,8022.325408124725,8022.680408124726,-13,111,10,0,77,0.03983333333362671
718,1174,8032.268608124726,8035.538208124725,8033.695608124725,8034.105608124726,121,-76,22,1,65,0.01959999999962747
719,1175,8036.5185081247255,8040.783474791392,8038.635508124726,8039.160508124725,-144,-52,6,0,85,0.014966666666623496
720,1176,8041.8184081247255,8045.483241458059,8043.655408124726,8044.050408124725,121,-76,22,0,73,0.014833333333262644
721,1177,8046.328374791392,8049.783341458059,8047.820374791392,8048.245374791392,114,91,2,1,69,0.004966666667132635
722,1179,8057.973641458058,8062.093374791392,8060.000641458058,8060.500641458058,-9,110,20,2,82,0.01973333333389693
723,1180,8062.993374791393,8066.878341458059,8064.800374791393,8065.370374791393,-13,111,11,0,77,0.03496666666651427
724,1182,8074.538374791392,8078.5032081247255,8076.740374791392,8077.060374791392,-115,-100,16,0,79,0.01483333333344472
725,1188,8113.578574791392,8116.968174791393,8115.140574791392,8115.545574791392,125,-18,7,0,67,0.03960000000042774
726,1190,8124.353341458059,8128.503941458059,8126.295341458059,8126.875341458059,-115,-100,17,0,83,0.0005999999999399819
727,1191,8129.298341458059,8133.738308124725,8131.58534145806,8132.20534145806,-13,111,11,0,88,0.039966666665895545
728,1192,8138.738574791392,8142.843174791393,8141.000574791392,8141.395574791392,125,-18,7,0,82,0.0046000000005728126
729,1195,8158.933408124725,8163.298408124726,8161.230408124725,8161.710408124725,114,91,3,0,87,0.015000000000690683
730,1196,8164.053341458059,8168.033141458059,8166.145341458058,8166.555341458059,-144,-52,4,0,79,0.029800000000068216
731,1203,8207.288274791392,8211.31324145806,8209.265274791393,8209.800274791392,125,-18,8,0,80,0.02496666666775127
732,1205,8219.933541458058,8223.953241458059,8221.915541458058,8222.425541458058,-144,-52,5,0,80,0.019700000000739237
733,1206,8224.773374791392,8228.488341458058,8226.480374791392,8226.940374791391,114,91,3,0,74,0.01496666666644142
734,1207,8229.308374791392,8233.343408124725,8231.26037479139,8231.745374791391,121,-76,24,0,80,0.0350333333335584
735,1208,8234.293274791393,8238.033108124726,8236.235274791392,8236.590274791393,114,91,1,0,74,0.03983333333308092
736,1209,8238.928274791393,8242.738241458059,8240.790274791392,8241.225274791394,114,91,2,0,76,0.009966666665786494
737,1210,8243.458374791393,8247.393374791392,8245.230374791394,8245.800374791394,121,-76,24,0,78,0.03499999999949033
738,1211,8248.22324145806,8252.423241458058,8250.36024145806,8250.890241458059,121,-76,23,0,84,-1.091571277811454e-12
739,1215,8270.88324145806,8274.173008124726,8272.325241458058,8272.74024145806,-136,-23,25,2,65,0.03976666666676465
740,1221,8305.313341458059,8308.853374791392,8306.760341458059,8307.260341458059,121,-76,24,0,70,0.04003333333275805
741,1223,8320.293208124725,8323.893074791393,8322.025208124725,8322.440208124726,-115,-100,16,0,71,0.04986666666736683
742,1224,8324.688208124726,8328.738841458058,8326.455208124726,8326.970208124725,-136,-23,26,0,81,0.0006333333323711443
743,1225,8329.598308124725,8333.65894145806,8331.380308124724,8331.905308124726,-115,-100,18,2,81,0.010633333334408412
744,1226,8334.433308124726,8338.373308124726,8336.180308124725,8336.765308124726,-144,-52,6,0,78,0.04000000000050896
745,1227,8339.248208124725,8342.708074791393,8340.930208124726,8341.250208124726,-13,111,10,0,69,0.009866666667948998
746,1228,8343.478208124725,8347.548174791393,8345.430208124724,8346.025208124725,-13,111,11,0,81,0.019966666667824207
747,1229,8348.483208124726,8352.048174791393,8349.945208124725,8350.530208124726,125,-18,8,0,71,0.014966666666805128
748,1231,8358.668308124725,8362.378941458059,8360.080308124725,8360.565308124726,-136,-23,27,0,74,0.01063333333404426
749,1232,8363.123174791392,8366.238041458058,8364.445174791392,8364.805174791392,-136,-23,25,2,62,0.014866666666784933
750,1233,8369.343408124725,8373.612974791393,8371.770408124725,8372.180408124725,-136,-23,25,0,85,0.01956666666774254
751,1234,8374.473174791392,8378.423774791392,8376.250174791392,8376.795174791392,-115,-100,17,0,79,0.0006000000001220585
752,1235,8379.258308124725,8383.363308124726,8381.150308124725,8381.765308124724,-13,111,12,0,82,0.005000000001381899
753,1236,8384.208174791393,8388.033008124727,8386.190174791393,8386.605174791393,125,-18,7,0,76,0.024833333334026708
754,1237,8389.038174791393,8392.618008124726,8390.780174791393,8391.185174791393,-9,110,19,0,71,0.029833333333226353
755,1238,8395.903374791393,8399.648174791393,8397.605374791392,8398.110374791393,121,-76,23,1,74,0.044800000000395634
756,1239,8402.953374791392,8406.878008124726,8405.045374791393,8405.415374791392,114,91,1,0,78,0.024633333333985874
757,1240,8407.453308124726,8411.083274791392,8408.995308124726,8409.505308124726,-9,110,21,0,72,0.029966666665495634
758,1241,8414.618508124726,8418.753908124725,8416.445508124725,8416.980508124725,-136,-23,27,0,82,0.03539999999920784
759,1242,8419.593274791392,8424.033274791393,8421.975274791392,8422.475274791392,-9,110,21,0,88,0.04000000000050896
760,1243,8522.068074791392,8525.36294145806,8523.515074791392,8523.930074791391,121,-76,22,2,65,0.04486666666707606
761,1244,8526.388074791392,8529.957941458058,8528.085074791392,8528.505074791392,121,-76,22,0,71,0.019866666666711996
762,1245,8533.168308124725,8537.348074791393,8535.215308124725,8535.795308124725,125,-18,8,0,83,0.029766666668001207
763,1246,8538.348074791393,8542.207908124725,8540.385074791393,8540.810074791392,121,-76,22,0,77,0.009833333332062377
764,1247,8543.168074791392,8547.073708124726,8544.815074791393,8545.345074791392,-136,-23,26,0,78,0.005633333333753043
765,1248,8547.993208124726,8551.54374145806,8549.330208124726,8549.875208124726,125,-18,9,0,71,0.0005333333330779233
766,1252,8575.518074791393,8579.533041458059,8577.525074791392,8578.005074791392,136,87,14,2,80,0.014966666665714001
767,1253,8580.433174791393,8584.518174791392,8582.365174791394,8582.930174791392,125,-18,9,0,81,0.03499999999912706
768,1256,8598.573174791392,8602.768174791392,8600.710174791393,8601.200174791393,121,-76,24,1,83,0.044999999999708606
769,1257,8603.653074791393,8607.178041458059,8605.105074791392,8605.655074791393,121,-76,23,0,70,0.02496666666593228
770,1260,8616.263174791393,8620.76314145806,8618.700174791393,8619.205174791392,136,87,15,0,89,0.0499666666662959
771,1261,8621.713008124725,8625.933008124726,8623.980008124725,8624.440008124726,114,91,2,0,84,0.020000000001163976
772,1262,8635.568374791392,8639.403108124725,8637.335374791392,8637.865374791392,114,91,3,0,76,0.03473333333313322
773,1263,8642.77824145806,8646.818041458058,8644.79024145806,8645.28524145806,121,-76,23,0,80,0.03979999999864958
774,1265,8654.96814145806,8658.718108124725,8656.625141458058,8657.155141458059,-144,-52,6,0,74,0.0499666666662959
775,1268,8672.43824145806,8675.953008124725,8673.91524145806,8674.425241458059,-9,110,20,0,70,0.014766666665309458
776,1269,8676.817974791393,8680.878008124726,8678.839974791394,8679.339974791394,-9,110,20,0,81,0.010033333333194783
777,1270,8681.692974791393,8685.053008124725,8682.984974791392,8683.459974791393,121,-76,23,1,67,0.01003333333246692
778,1272,8691.762974791392,8694.767841458059,8692.979974791393,8693.374974791392,136,87,13,1,60,0.004866666666202946
779,1273,8697.60824145806,8701.722974791392,8699.765241458059,8700.26024145806,-144,-52,5,0,82,0.014733333331968801
780,1275,8710.48794145806,8714.347841458059,8712.57994145806,8712.97994145806,136,87,13,0,77,0.009899999999470221
781,1276,8715.103074791392,8718.80374145806,8716.585074791392,8717.050074791392,-136,-23,27,0,74,0.0006666666675299027
782,1278,8724.958108124725,8729.043608124726,8726.795108124725,8727.375108124725,125,-18,9,0,81,0.035500000001047916
783,1279,8729.842974791392,8733.222808124725,8731.394974791392,8731.754974791393,114,91,1,0,67,0.029833333332498935
784,1280,8737.072974791392,8740.56784145806,8738.729974791391,8739.114974791391,-136,-23,25,0,69,0.04486666666780348
785,1281,8741.367941458058,8745.037808124725,8743.224941458058,8743.584941458059,-144,-52,4,0,73,0.019866666667075705
786,1282,8745.877941458059,8748.942808124726,8747.119941458059,8747.494941458059,-115,-100,16,0,61,0.014866666667512352
787,1284,8755.293074791392,8759.238074791392,8757.175074791392,8757.645074791393,136,87,15,0,78,0.044999999999708606
788,1285,8760.10794145806,8764.067774791392,8762.24994145806,8762.60994145806,-144,-52,4,2,79,0.009833333332426086
789,1286,8764.777941458058,8768.287941458058,8766.269941458058,8766.734941458059,121,-76,23,0,70,0.010000000000218279
790,1287,8769.127941458059,8773.332941458058,8771.204941458058,8771.789941458059,121,-76,23,0,84,0.004999999999927063
791,1288,8774.178041458059,8777.898074791392,8775.77004145806,8776.32504145806,121,-76,24,0,74,0.02003333333304891
792,1289,8778.83304145806,8782.348074791393,8780.29504145806,8780.785041458059,-9,110,21,0,70,0.015033333333121845
793,1290,8783.162941458058,8786.692774791392,8784.849941458058,8785.259941458058,-13,111,10,1,70,0.029833333333954215
794,1291,8787.40794145806,8790.927774791393,8789.05994145806,8789.46994145806,121,-76,22,2,70,0.019833333333735936
795,1293,8799.643274791393,8803.508674791392,8801.220274791393,8801.760274791393,-115,-100,18,0,77,0.01539999999877173
796,1294,8804.257908124726,8808.147774791392,8806.269908124726,8806.699908124725,114,91,1,0,77,0.039866666666421136
797,1295,8808.903008124726,8813.163674791393,8810.815008124726,8811.395008124726,-136,-23,27,0,85,0.010666666667020763
798,1296,8814.122908124726,8818.177908124726,8816.134908124726,8816.669908124726,125,-18,8,0,81,0.005000000000291216
799,1297,8819.092908124725,8823.082908124725,8820.949908124725,8821.549908124725,-13,111,11,2,79,0.039999999999781544
800,1298,8826.338274791393,8830.633041458059,8828.565274791394,8829.065274791394,-9,110,21,0,85,0.044766666665964294
801,1299,8833.673274791392,8837.853008124726,8835.745274791392,8836.260274791392,114,91,3,0,83,0.029733333334297285
802,1300,8838.678008124725,8842.358008124726,8840.205008124725,8840.760008124726,125,-18,9,0,73,0.030000000000290683
803,1302,8849.61314145806,8853.082874791393,8851.055141458059,8851.56014145806,136,87,14,0,69,0.019733333333351588
804,1303,8853.947908124726,8857.237741458059,8855.439908124727,8855.809908124726,136,87,13,2,65,0.039833333332353504
805,1305,8869.218274791392,8873.442974791393,8871.335274791392,8871.885274791392,-144,-52,6,0,84,0.0247000000006663
806,1306,8875.578108124726,8879.332708124726,8877.500108124726,8877.895108124725,-136,-23,25,0,75,0.004600000000209548
807,1308,8888.84284145806,8892.097841458059,8890.089841458059,8890.65484145806,114,91,2,2,65,0.004999999999199645
808,1309,8892.962974791393,8896.942974791393,8894.849974791394,8895.404974791392,121,-76,24,0,79,0.029999999999563265
809,1312,8908.282841458058,8911.882841458058,8909.929841458059,8910.434841458058,114,91,2,2,72,3.637090628672013e-13
810,1314,8919.572841458059,8923.397708124725,8921.58484145806,8922.00484145806,121,-76,22,0,76,0.02486666666591164
811,1315,8924.27284145806,8927.567708124727,8925.77484145806,8926.18984145806,-13,111,10,0,65,0.04486666666707606
812,1316,8928.32784145806,8932.382708124725,8930.59984145806,8930.97984145806,-9,110,19,0,81,0.0048666666654755275
813,1317,8933.23784145806,8937.472841458059,8935.57984145806,8936.02484145806,114,91,2,0,84,0.03499999999876291
814,1318,8938.302841458059,8941.647708124725,8939.909841458059,8940.27984145806,-115,-100,16,2,66,0.0448666666663482
815,1321,8955.74794145806,8959.522941458059,8957.449941458059,8958.029941458059,125,-18,9,1,75,0.024999999999636202
816,1323,8965.892808124725,8969.117808124725,8967.194808124725,8967.674808124724,136,87,14,0,64,0.02500000000036362
817,1325,8974.962808124725,8979.257774791393,8977.189808124725,8977.814808124725,-144,-52,5,0,85,0.04496666666818783
818,1326,8980.162808124725,8983.272808124726,8981.354808124725,8981.814808124725,136,87,14,0,62,0.010000000000581988
819,1328,8991.342808124726,8995.107641458058,8993.309808124726,8993.719808124726,-136,-23,25,0,75,0.014833333332717302
820,1329,8995.902808124725,9000.083441458059,8997.924808124726,8998.474808124725,-136,-23,26,0,83,0.030633333333389245
821,1330,9001.222941458058,9005.49354145806,9003.249941458058,9003.874941458058,-115,-100,18,0,85,0.020600000001650187
822,1332,9011.422774791392,9015.678408124726,9013.659774791391,9014.154774791392,-115,-100,17,2,85,0.0056333333341171965
823,1333,9017.79314145806,9021.802908124726,9019.68014145806,9020.29514145806,-13,111,12,0,80,0.009766666666109813
824,1334,9028.197808124725,9031.912641458059,9030.144808124725,9030.539808124726,-115,-100,16,1,74,0.01483333333344472
825,1335,9032.692908124725,9036.442908124725,9034.419908124726,9034.919908124726,121,-76,24,0,75,0.0
826,1336,9039.433008124726,9043.677774791393,9041.705008124727,9042.205008124727,136,87,14,0,84,0.04476666666669171
827,1340,9071.752774791392,9075.352608124726,9073.654774791392,9073.984774791392,-13,111,10,1,71,0.04983333333366291
828,1341,9076.052774791393,9079.86774145806,9077.944774791393,9078.429774791393,-9,110,20,0,76,0.014966666666805128
829,1343,9088.102974791393,9091.942608124726,9090.139974791393,9090.564974791392,125,-18,7,1,76,0.03963333333304009
830,1344,9092.802874791392,9097.212874791392,9095.179874791393,9095.689874791393,136,87,15,0,88,0.009999999999854126
831,1346,9103.34774145806,9107.322608124727,9105.57474145806,9105.959741458058,136,87,13,0,79,0.02486666666736692
832,1349,9120.912741458058,9125.258341458059,9123.054741458058,9123.644741458058,-136,-23,26,1,86,0.04560000000055897
833,1350,9126.14784145806,9129.882841458058,9127.91484145806,9128.37484145806,136,87,15,0,74,0.03499999999876291
834,1351,9130.787741458058,9134.787674791392,9132.814741458058,9133.339741458058,125,-18,8,0,79,0.04993333333441097
835,1354,9152.747841458058,9156.302841458059,9154.329841458059,9154.809841458058,-9,110,21,0,71,0.005000000000290772
836,1355,9157.137808124726,9161.323441458058,9159.139808124726,9159.689808124725,-115,-100,18,0,83,0.03563333333258889
837,1356,9164.448074791391,9168.427841458059,9166.325074791392,9166.94507479139,121,-76,24,1,79,0.02976666666727379
838,1359,9181.972941458058,9185.977541458058,9184.244941458059,9184.594941458057,-13,111,10,0,80,0.004600000000209548
839,1360,9186.742674791392,9190.572674791392,9188.474674791392,9189.119674791393,-13,111,11,0,76,0.029999999999926974
840,1361,9191.402841458059,9195.788441458059,9193.594841458058,9194.124841458059,-136,-23,27,1,87,0.035599999999612386
841,1363,9201.452708124725,9204.662708124726,9202.684708124725,9203.189708124724,121,-76,23,0,64,0.010000000000945697
842,1364,9205.542674791392,9208.91254145806,9207.214674791392,9207.559674791391,-9,110,19,0,67,0.019866666667803567
843,1365,9209.697674791392,9213.022508124726,9211.299674791393,9211.649674791392,114,91,1,0,66,0.024833333334026708
844,1366,9215.488041458058,9218.93334145806,9216.830041458059,9217.380041458058,125,-18,9,0,68,0.045300000001224916
845,1368,9325.967608124725,9330.182608124725,9328.029608124725,9328.619608124725,-144,-52,5,0,84,0.015000000000145342
846,1370,9340.082641458059,9344.558208124727,9342.314641458059,9342.884641458058,-115,-100,17,0,89,0.025566666667873328
847,1371,9345.407608124726,9348.647441458059,9346.799608124726,9347.194608124726,-115,-100,16,2,64,0.03983333333308092
848,1375,9365.362708124725,9369.367674791392,9367.234708124724,9367.769708124724,-144,-52,6,0,80,0.004966666667314712
849,1378,9380.557574791392,9384.557574791392,9382.479574791392,9383.014574791392,136,87,14,0,80,0.0
850,1379,9386.752808124726,9390.882574791392,9388.899808124726,9389.354808124726,-9,110,20,0,82,0.029766666666909636
851,1380,9394.188008124725,9398.46324145806,9396.210008124726,9396.775008124725,125,-18,9,1,85,0.025233333333744667
852,1381,9399.142574791393,9403.507574791392,9401.274574791392,9402.009574791393,-13,111,11,0,87,0.014999999999781188
853,1383,9409.757574791392,9413.572408124726,9411.724574791393,9412.119574791392,-136,-23,25,0,76,0.01483333333380843
854,1384,9424.79754145806,9428.542408124726,9426.68454145806,9427.07454145806,125,-18,7,0,74,0.04486666666598449
855,1385,9429.282574791392,9432.68254145806,9430.604574791392,9431.154574791391,125,-18,8,2,67,0.04996666666775118
856,1388,9442.36754145806,9445.867408124726,9444.00954145806,9444.43954145806,136,87,13,0,69,0.04986666666700312
857,1389,9453.227541458058,9456.852408124725,9455.004541458058,9455.409541458059,-115,-100,16,0,72,0.024866666667003212
858,1390,9457.65254145806,9460.947374791393,9459.114541458059,9459.48454145806,136,87,13,2,65,0.04483333333337214
859,1391,9461.747574791392,9465.433174791393,9463.224574791393,9463.714574791393,-136,-23,26,0,73,0.03560000000070396
860,1392,9467.772774791392,9471.417408124726,9469.579774791393,9469.979774791393,-115,-100,16,0,72,0.044633333333331304
861,1393,9472.262508124726,9476.397374791391,9474.569508124727,9474.944508124727,-115,-100,16,0,82,0.03486666666540206
862,1395,9482.167641458058,9486.18264145806,9483.944641458058,9484.609641458057,-13,111,12,0,80,0.015000000001236913
863,1397,9492.082608124725,9496.117641458059,9494.049608124726,9494.549608124726,-9,110,21,2,80,0.0350333333335584
864,1400,9506.887474791392,9510.37824145806,9508.104474791393,9508.629474791393,-136,-23,26,0,69,0.040766666667695795
865,1404,9532.652508124726,9536.60234145806,9534.774508124725,9535.154508124726,136,87,13,0,78,0.04983333333402662
866,1405,9537.212474791391,9540.447341458059,9538.634474791392,9539.024474791391,-13,111,10,2,64,0.0348666666675852
867,1406,9541.097474791393,9544.822341458059,9542.989474791393,9543.374474791393,-144,-52,4,0,74,0.024866666665547932
868,1409,9555.997474791393,9559.652341458059,9557.869474791392,9558.219474791393,-144,-52,4,0,73,0.0048666666658387925
869,1410,9560.402608124725,9563.982574791393,9561.759608124725,9562.419608124725,-13,111,12,0,71,0.02996666666804204
870,1412,9568.307708124725,9571.962508124725,9569.954708124726,9570.444708124725,121,-76,23,0,73,0.004800000000249938
871,1413,9572.772474791393,9576.71234145806,9574.939474791392,9575.264474791393,-9,110,19,0,78,0.03986666666751226
872,1414,9577.387474791392,9581.042308124726,9579.189474791392,9579.619474791392,121,-76,22,0,73,0.00483333333395386
873,1418,9597.692441458059,9601.932308124726,9600.07944145806,9600.47944145806,114,91,1,0,84,0.039866666666784845
874,1419,9602.672574791392,9606.93254145806,9604.87457479139,9605.354574791392,114,91,3,2,85,0.009966666668333346
875,1421,9613.447441458058,9617.167408124726,9615.169441458058,9615.649441458057,114,91,2,0,74,0.019966666667460053
876,1422,9624.997574791392,9629.292574791392,9627.154574791391,9627.689574791391,121,-76,24,0,85,0.04500000000007276
877,1423,9633.012441458059,9637.29244145806,9635.264441458059,9635.754441458059,-144,-52,5,0,85,0.030000000000654836
878,1424,9638.067408124725,9642.682408124725,9640.564408124725,9641.144408124725,125,-18,8,0,92,0.014999999999781188
879,1425,9643.602408124725,9647.262274791392,9645.439408124725,9645.829408124726,125,-18,7,0,73,0.009866666666857427
880,1426,9648.157541458058,9652.19824145806,9649.899541458059,9650.419541458059,-136,-23,27,0,80,0.04070000000137952
881,1427,9653.08254145806,9657.18254145806,9655.07454145806,9655.59454145806,-144,-52,6,0,82,3.632649736573512e-13
882,1430,9675.20244145806,9678.867274791392,9677.074441458059,9677.41944145806,-9,110,19,0,73,0.014833333332353149
883,1431,9679.717408124725,9683.762274791392,9681.934408124725,9682.304408124724,-144,-52,4,0,80,0.04486666666707606
884,1432,9688.01744145806,9692.152408124726,9690.10444145806,9690.61444145806,121,-76,23,2,82,0.034966666666513824
885,1433,9692.927374791392,9696.077274791392,9694.284374791392,9694.644374791393,-115,-100,16,0,62,0.049900000000343336
886,1435,9703.347408124726,9706.93224145806,9705.159408124726,9705.494408124727,-9,110,19,0,71,0.03483333333424499
887,1436,9707.572374791393,9711.497241458059,9709.669374791392,9710.039374791393,-13,111,10,0,78,0.02486666666627535
888,1437,9714.042608124726,9717.917241458059,9716.044608124726,9716.459608124725,-136,-23,25,0,77,0.024633333332894747
889,1438,9721.242374791393,9724.90224145806,9723.044374791392,9723.459374791393,121,-76,22,0,73,0.009866666666857427
890,1443,9746.672408124727,9750.51234145806,9748.519408124726,9748.974408124726,136,87,14,0,76,0.03993333333273741
891,1446,9765.242341458059,9769.307208124726,9767.489341458058,9767.86934145806,136,87,13,0,81,0.014866666667512796
892,1447,9770.17234145806,9774.012208124725,9772.189341458059,9772.56934145806,-115,-100,16,0,76,0.039866666665329564
893,1448,9774.812474791393,9779.237441458059,9777.239474791393,9777.674474791393,114,91,3,0,88,0.024966666665568127
894,1451,9793.332474791392,9797.388008124726,9795.154474791392,9795.704474791391,125,-18,9,0,81,0.0055333333340970015
895,1452,9798.132474791393,9802.33744145806,9800.094474791393,9800.779474791394,-13,111,12,1,84,0.004966666666223141
896,1454,9808.052374791392,9811.277174791392,9809.439374791393,9809.829374791392,121,-76,22,0,64,0.024799999999959077
897,1455,9812.052341458058,9816.277974791392,9814.179341458059,9814.65434145806,-115,-100,17,1,84,0.025633333333462183
898,1457,9828.172441458059,9832.683041458058,9830.334441458059,9830.924441458059,-115,-100,18,0,90,0.010599999999612919
899,1458,9833.512308124726,9837.242174791392,9835.399308124726,9835.749308124725,114,91,1,0,74,0.029866666666566566
900,1459,9837.94234145806,9841.807308124726,9839.77434145806,9840.29934145806,114,91,2,0,77,0.01496666666607771
901,1461,9910.167541458059,9914.447274791393,9912.264541458058,9912.924541458058,-13,111,11,0,85,0.029733333334661438
902,1462,9915.342408124725,9919.307441458059,9917.269408124725,9917.724408124725,-9,110,21,0,79,0.015033333333849264
903,1463,9920.197274791393,9924.107274791393,9922.004274791394,9922.569274791393,121,-76,23,1,78,0.009999999999854126
904,1466,9934.832274791392,9938.637108124725,9936.809274791392,9937.189274791392,-136,-23,25,2,76,0.004833333333590151
905,1467,9939.497241458059,9943.262241458058,9941.264241458059,9941.744241458058,114,91,2,0,75,0.014999999999417923
906,1468,9949.562274791391,9952.68224145806,9950.714274791391,9951.164274791392,114,91,2,0,62,0.019966666668915334
907,1470,9961.962274791393,9965.23224145806,9963.234274791394,9963.734274791394,125,-18,8,1,65,0.019966666666732635
908,1473,9975.99224145806,9980.09224145806,9978.09924145806,9978.58924145806,-9,110,20,2,82,3.632649736573512e-13
909,1475,9992.512241458058,9995.747108124726,9993.954241458057,9994.314241458058,-115,-100,16,0,64,0.0348666666675852
910,1476,9996.552208124725,10000.842941458059,9998.494208124725,9999.114208124725,-136,-23,26,0,85,0.040733333333264454
911,1478,10006.227241458058,10010.027208124726,10007.934241458059,10008.529241458058,136,87,14,0,75,0.04996666666738747
912,1480,10015.757274791393,10019.267174791392,10017.224274791393,10017.749274791393,125,-18,8,0,70,0.009899999999106512
913,1484,10038.227308124726,10042.262308124726,10040.194308124726,10040.649308124726,136,87,15,0,80,0.03499999999985448
914,1486,10056.587541458059,10060.702308124726,10058.539541458058,10059.129541458058,136,87,15,0,82,0.014766666667491712
915,1487,10061.517174791392,10065.062041458059,10063.219174791391,10063.609174791392,-144,-52,4,0,70,0.04486666666707606
916,1488,10065.837208124725,10069.797174791393,10067.794208124726,10068.259208124726,136,87,14,0,79,0.009966666667241775
917,1489,10070.617208124726,10074.932808124726,10072.689208124726,10073.244208124726,-136,-23,26,0,86,0.015599999999904135
918,1490,10075.767308124727,10080.127308124725,10077.989308124726,10078.564308124727,136,87,15,0,87,0.009999999998762554
919,1491,10088.432308124726,10092.63784145806,10090.359308124725,10090.959308124726,125,-18,9,0,84,0.005533333333732848
920,1492,10093.432174791393,10097.482174791392,10095.499174791392,10095.979174791393,136,87,14,0,81,-7.274181257344026e-13
921,1493,10098.307274791392,10102.247274791393,10100.024274791393,10100.659274791393,-13,111,12,0,78,0.04000000000050896
922,1494,10105.127408124725,10108.667574791392,10106.514408124725,10107.074408124725,125,-18,8,1,70,0.040166666667573736
923,1495,10112.247174791391,10115.34204145806,10113.554174791392,10113.91417479139,136,87,13,0,61,0.04486666666816719
924,1500,10148.987274791392,10153.792874791392,10151.409274791393,10152.014274791392,-136,-23,27,2,96,0.005599999999684968
925,1501,10164.512141458059,10168.637541458058,10166.52414145806,10167.04914145806,125,-18,8,0,82,0.025399999998989564
926,1503,10175.06214145806,10178.701974791393,10176.85414145806,10177.25414145806,125,-18,7,0,72,0.03983333333271721
927,1504,10180.827341458058,10184.93774145806,10182.779341458057,10183.299341458058,-115,-100,17,0,82,0.01040000000139063
928,1505,10185.77214145806,10189.651974791392,10187.85414145806,10188.20414145806,136,87,13,0,77,0.029833333332498935
929,1508,10202.622108124726,10206.401974791392,10204.589108124726,10204.969108124726,-136,-23,25,0,75,0.029866666665839148
930,1510,10219.527141458058,10222.882108124726,10220.849141458059,10221.369141458059,-9,110,20,0,67,0.004966666667678421
931,1511,10223.662108124725,10226.841941458058,10225.034108124724,10225.394108124725,-115,-100,16,0,63,0.029833333333590062
932,1512,10227.712074791392,10231.392108124726,10229.364074791392,10229.854074791392,-9,110,20,0,73,0.030033333333994605
933,1514,10238.112341458058,10242.437074791393,10240.324341458057,10240.904341458057,114,91,2,0,86,0.024733333334734375
934,1516,10247.362208124727,10251.482174791392,10249.399208124727,10249.894208124726,-144,-52,6,0,82,0.01996666666527691
935,1517,10252.362074791392,10255.717074791391,10253.734074791391,10254.194074791392,136,87,14,2,67,0.004999999999563354
936,1518,10258.787374791393,10261.966941458058,10260.104374791392,10260.529374791393,121,-76,22,0,63,0.029566666665777674
937,1519,10262.727074791392,10266.10694145806,10264.329074791392,10264.679074791391,114,91,1,0,67,0.029866666668021846
938,1521,10500.421941458058,10504.246808124726,10502.388941458059,10502.81894145806,121,-76,22,0,76,0.02486666666773063
939,1522,10505.25194145806,10508.501774791392,10506.66894145806,10507.07394145806,114,91,1,1,64,0.04983333333148021
940,1524,10521.057174791393,10525.171774791392,10523.264174791393,10523.724174791392,114,91,1,0,82,0.014599999998972102
941,1526,10531.971908124726,10536.216908124727,10534.213908124726,10534.688908124726,114,91,2,0,84,0.04500000000080018
942,1527,10537.181908124727,10540.311774791393,10538.433908124727,10538.843908124727,-115,-100,16,0,62,0.029866666666202857
943,1528,10541.212074791392,10545.212008124727,10543.079074791392,10543.649074791392,114,91,3,0,79,0.04993333333441097
944,1529,10546.057041458058,10549.642041458059,10547.509041458057,10548.044041458057,-9,110,21,0,71,0.03500000000094561
945,1531,10554.956941458058,10558.206774791393,10556.358941458058,10556.773941458057,136,87,13,0,64,0.04983333333511819
946,1534,10569.837041458059,10574.17204145806,10572.034041458059,10572.569041458059,121,-76,24,1,86,0.03500000000094605
947,1535,10575.136908124725,10579.076908124725,10576.988908124726,10577.513908124725,121,-76,23,0,78,0.04000000000050896
948,1540,10604.521874791393,10608.576741458059,10606.778874791393,10607.143874791393,-144,-52,4,0,81,0.0048666666654755275
949,1542,10614.806908124727,10618.26674145806,10616.408908124728,10616.813908124726,125,-18,7,0,69,0.009833333332426086
950,1543,10619.022008124726,10622.656974791393,10620.514008124726,10621.079008124727,-13,111,12,1,72,0.03496666666651427
951,1544,10623.497008124727,10627.751974791392,10625.604008124727,10626.174008124726,-144,-52,6,0,85,0.0049666666654957226
952,1545,10628.647008124726,10632.907608124726,10630.614008124727,10631.159008124727,-115,-100,18,0,85,0.010599999999612919
953,1546,10633.746874791392,10638.201874791393,10636.118874791391,10636.653874791391,121,-76,23,0,89,0.005000000001746052
954,1548,10644.226874791391,10648.096841458058,10646.05387479139,10646.548874791391,-144,-52,5,0,77,0.019966666667096344
955,1551,10659.221874791392,10662.766708124725,10660.923874791391,10661.318874791392,-136,-23,25,0,70,0.04483333333337214
956,1553,10668.541908124726,10672.07224145806,10669.953908124726,10670.473908124726,125,-18,8,0,70,0.03033333333405608
957,1555,10680.641974791393,10684.626974791392,10682.558974791393,10683.058974791393,-9,110,21,0,79,0.03499999999876291
958,1557,10690.366841458059,10694.501708124726,10692.678841458059,10693.01384145806,-13,111,10,1,82,0.03486666666722105
959,1558,10695.276841458059,10698.846841458058,10696.728841458058,10697.343841458058,-13,111,11,0,71,0.019999999999708695
960,1559,10699.60184145806,10703.101708124726,10701.33384145806,10701.67384145806,-9,110,19,0,69,0.04986666666700312
961,1560,10708.84694145806,10713.236941458059,10711.048941458059,10711.663941458059,-13,111,12,0,87,0.03999999999941739
962,1562,10718.956841458059,10722.601774791392,10720.508841458059,10721.078841458058,125,-18,8,1,72,0.044933333333028624
963,1563,10726.102108124725,10730.171808124725,10728.039108124725,10728.639108124726,-13,111,11,0,81,0.01970000000001182
964,1564,10730.891841458058,10734.501674791392,10732.65384145806,10733.03884145806,-144,-52,4,0,72,0.009833333333881367
965,1566,10740.121808124726,10744.171674791392,10742.343808124726,10742.718808124726,-115,-100,16,0,80,0.049866666666275705
966,1570,10760.431941458059,10764.50194145806,10762.448941458058,10762.948941458058,-9,110,21,0,81,0.02000000000152813
967,1572,10770.166808124726,10774.126641458059,10772.278808124725,10772.683808124726,-9,110,19,1,79,0.009833333332426086
968,1573,10774.861908124725,10778.376908124726,10776.303908124724,10776.798908124725,136,87,15,1,70,0.015000000001236913
969,1575,10784.351808124726,10788.596774791393,10786.553808124725,10787.058808124726,114,91,2,0,84,0.044966666667096256
970,1576,10789.501774791392,10793.501774791392,10791.398774791392,10791.953774791391,-144,-52,5,0,80,0.0
971,1577,10794.331774791393,10798.812208124726,10796.663774791394,10797.218774791394,125,-18,8,0,89,0.030433333332257284
972,1578,10799.676774791393,10803.596608124726,10801.803774791393,10802.163774791392,114,91,1,0,78,0.019833333333371783
973,1579,10804.341808124726,10808.617408124726,10806.318808124726,10806.898808124726,-136,-23,26,0,85,0.025600000000849832
974,1580,10809.431874791393,10813.797608124725,10811.478874791394,10812.008874791392,-136,-23,27,2,87,0.015733333332172528
975,1582,10819.40174145806,10823.486774791392,10821.43874145806,10821.95874145806,-9,110,20,1,81,0.035033333332830985
976,1584,10828.976874791391,10832.436874791392,10830.408874791392,10830.908874791392,-9,110,21,0,69,0.010000000000945697
977,1588,10911.131708124725,10915.051574791392,10913.193708124725,10913.613708124725,121,-76,22,0,78,0.019866666667075705
978,1590,10923.556974791392,10927.376574791393,10925.543974791392,10925.923974791393,136,87,13,0,76,0.019600000000718598
979,1591,10928.361708124725,10931.471608124726,10929.618708124724,10930.023708124725,-136,-23,25,0,62,0.009900000001289211
980,1594,10979.036674791392,10982.73654145806,10980.908674791392,10981.303674791392,-144,-52,4,1,73,0.04986666666773054
981,1595,10983.791774791393,10987.551808124725,10985.303774791393,10985.983774791392,-13,111,12,0,75,0.010033333332103211
982,1596,10988.576774791392,10992.111774791392,10989.898774791392,10990.508774791393,125,-18,9,0,70,0.03499999999985448
983,1597,10995.487008124725,10999.706808124727,10997.534008124725,10998.159008124725,-13,111,12,0,84,0.019800000002578422
984,1598,11000.776808124727,11004.956774791393,11002.793808124727,11003.333808124728,-144,-52,6,0,83,0.02996666666658676
985,1599,11005.891774791391,11009.646774791392,11007.60377479139,11008.053774791391,114,91,3,2,75,0.005000000001018634
986,1600,11010.646674791393,11014.376441458058,11012.533674791393,11012.928674791392,-136,-23,25,0,74,0.0297666666654548
987,1601,11018.666674791391,11022.816674791393,11020.773674791391,11021.28867479139,121,-76,23,0,83,1.4548362514688051e-12
988,1602,11023.86164145806,11027.55164145806,11025.58864145806,11026.02364145806,136,87,14,0,73,0.04000000000050896
989,1604,11037.917041458059,11041.08174145806,11039.089041458059,11039.524041458058,114,91,3,0,63,0.01470000000117544
990,1605,11044.371908124725,11048.346474791393,11046.533908124726,11046.923908124725,125,-18,7,0,79,0.0245666666676696
991,1607,11054.666774791393,11058.126774791392,11055.973774791393,11056.528774791392,121,-76,24,2,69,0.009999999999126707
992,1609,11064.581774791393,11068.441774791392,11066.363774791393,11066.873774791393,121,-76,24,2,77,0.009999999998762998
993,1613,11086.536608124727,11090.716641458059,11088.678608124726,11089.208608124727,136,87,14,0,83,0.030033333332175616
994,1614,11091.746808124726,11095.861741458059,11093.768808124727,11094.278808124725,136,87,15,0,82,0.014933333332373344
995,1615,11096.836608124726,11100.66204145806,11098.543608124726,11099.063608124727,125,-18,8,2,76,0.02543333333342135
996,1617,11106.311608124724,11109.766608124726,11107.643608124725,11108.258608124725,-13,111,11,0,69,0.005000000001746052
997,1621,11131.496841458058,11135.456608124725,11133.408841458058,11133.913841458058,121,-76,23,0,79,0.009766666666837232
998,1623,11141.371608124726,11145.20644145806,11143.403608124725,11143.763608124726,-13,111,10,0,76,0.03483333333424499
999,1624,11146.02674145806,11150.331674791392,11148.33374145806,11148.78874145806,114,91,3,0,86,0.004933333332883372
1000,1625,11151.281708124727,11155.707241458058,11153.468708124727,11154.018708124726,125,-18,9,0,88,0.025533333331258845
1001,1626,11156.516574791392,11160.566441458059,11158.743574791393,11159.108574791393,-115,-100,16,0,80,0.049866666666275705
1002,1627,11161.461574791392,11165.706574791391,11163.588574791393,11164.208574791392,-13,111,11,0,84,0.04499999999898119
1003,1629,11174.276574791393,11177.446541458059,11175.508574791393,11175.933574791392,136,87,14,1,63,0.019966666666368482
1004,1630,11178.361574791394,11182.667208124727,11180.448574791393,11180.993574791393,-115,-100,17,1,86,0.005633333333389778
1005,1632,11189.201674791391,11192.92734145806,11190.713674791392,11191.213674791392,-115,-100,18,0,74,0.025666666668985094
1006,1640,11240.95154145806,11244.927141458058,11242.76854145806,11243.28354145806,-115,-100,17,0,79,0.02559999999793927
1007,1641,11245.79654145806,11249.566941458059,11247.34354145806,11247.95854145806,125,-18,8,0,75,0.020399999999426655
1008,1642,11252.991874791393,11257.147274791392,11254.923874791393,11255.418874791392,-115,-100,18,0,83,0.005399999999644578
1009,1643,11258.061641458058,11262.456608124725,11260.293641458058,11260.798641458057,-144,-52,6,0,87,0.0449666666667321
1010,1644,11263.306641458059,11267.751608124727,11265.43364145806,11266.168641458058,136,87,15,0,88,0.044966666667823674
1011,1646,11277.581508124726,11280.861308124726,11279.083508124726,11279.413508124726,-136,-23,25,0,65,0.029800000000250293
1012,1647,11281.94164145806,11285.882241458059,11283.67364145806,11284.15864145806,-115,-100,18,0,78,0.0405999999999036
1013,1649,11292.58664145806,11296.721641458058,11294.653641458059,11295.13864145806,-9,110,21,0,82,0.034999999998398756
1014,1651,11303.136608124725,11307.441608124725,11305.313608124725,11305.818608124726,121,-76,24,0,86,0.005000000000291216
1015,1652,11308.186508124727,11312.33154145806,11310.263508124726,11310.788508124728,121,-76,23,0,82,0.04503333333232096
1016,1655,11322.996474791393,11326.831341458059,11324.973474791394,11325.388474791393,125,-18,7,0,76,0.03486666666612992
1017,1656,11327.661474791392,11331.35134145806,11329.548474791392,11329.898474791391,136,87,13,0,73,0.03986666666751226
1018,1657,11332.201508124726,11335.831274791391,11334.008508124727,11334.393508124725,-136,-23,25,1,72,0.02976666666509109
1019,1658,11336.701474791393,11340.536308124727,11338.758474791393,11339.098474791394,-144,-52,4,0,76,0.03483333333424499
1020,1662,11357.826508124726,11361.616308124725,11359.838508124727,11360.173508124726,-13,111,10,0,75,0.03979999999864958
1021,1665,11375.411474791392,11379.116308124725,11377.338474791391,11377.668474791391,-115,-100,16,0,74,0.004833333333226442
1022,1667,11385.85144145806,11389.616308124725,11387.748441458061,11388.15344145806,121,-76,22,1,75,0.014866666664602235
1023,1668,11396.236674791391,11399.846874791392,11397.648674791391,11398.22367479139,125,-18,8,0,72,0.010200000000986531
1024,1669,11400.791608124726,11404.86654145806,11402.868608124725,11403.298608124725,114,91,3,0,81,0.02493333333331993
1025,1670,11405.80144145806,11409.99144145806,11408.038441458059,11408.48344145806,114,91,2,0,83,0.04000000000050896
1026,1671,11410.806441458059,11414.441274791392,11412.668441458058,11412.98844145806,-9,110,19,0,72,0.03483333333351757
1027,1673,11425.231474791392,11429.66204145806,11427.508474791392,11428.028474791392,-115,-100,17,0,88,0.03056666666780039
1028,1674,11430.636541458058,11435.051541458059,11432.843541458058,11433.478541458058,-13,111,12,0,88,0.01500000000087276
1029,1675,11435.81144145806,11439.506408124726,11437.513441458059,11437.97344145806,136,87,14,0,73,0.044966666666004684
1030,1677,11450.101641458059,11454.331274791391,11452.48864145806,11452.893641458058,-136,-23,25,0,84,0.0296333333324581
1031,1678,11455.261474791392,11459.206841458059,11457.043474791391,11457.578474791391,125,-18,8,0,78,0.04536666666681377
1032,1681,11469.176541458059,11473.191541458058,11471.043541458059,11471.65354145806,-9,110,21,0,80,0.014999999999417923
1033,1683,11479.881508124727,11484.28704145806,11482.063508124727,11482.603508124726,125,-18,9,0,88,0.005533333332641277
1034,1684,11485.121408124725,11489.036374791393,11486.978408124725,11487.488408124726,-144,-52,5,2,78,0.014966666667168838
1035,1685,11489.856408124726,11494.366374791392,11492.233408124726,11492.863408124726,-13,111,11,2,90,0.009966666666514357
1036,1686,11495.076408124725,11498.581241458058,11496.808408124725,11497.133408124726,-9,110,19,0,70,0.0048333333324990235
1037,1687,11499.361408124725,11503.381408124726,11501.323408124725,11501.788408124725,-9,110,20,0,80,0.020000000000436557
1038,1689,11513.526641458058,11516.66124145806,11514.853641458058,11515.228641458058,-115,-100,16,0,62,0.03460000000122809
1039,1690,11517.696508124725,11521.366474791394,11519.258508124725,11519.783508124725,-144,-52,6,0,73,0.01996666666818747
1040,1694,11537.971374791392,11541.677008124727,11539.398374791392,11539.963374791392,-136,-23,26,0,74,0.005633333334844615
1041,1695,11542.486374791391,11546.447074791393,11544.173374791391,11544.698374791391,-136,-23,26,0,79,0.010700000001452104
1042,1699,11568.531608124726,11572.301208124725,11570.513608124726,11570.848608124725,114,91,1,2,75,0.01959999999962747
1043,1703,11590.901474791393,11595.192108124726,11592.883474791393,11593.398474791393,-136,-23,27,0,85,0.04063333333215269
1044,1705,11601.92634145806,11606.006974791391,11603.79834145806,11604.28334145806,-136,-23,26,0,81,0.03063333333120699
1045,1706,11606.786441458058,11610.911974791394,11608.648441458057,11609.168441458058,125,-18,9,0,82,0.025533333335624242
1046,1708,11618.89634145806,11622.816808124726,11620.678341458059,11621.188341458059,-115,-100,17,0,78,0.020466666666470346
1047,1711,11641.14134145806,11645.241308124725,11643.09834145806,11643.71334145806,-13,111,11,0,81,0.049966666664841064
1048,1712,11645.996474791393,11650.066408124727,11648.053474791393,11648.503474791392,114,91,3,2,81,0.019933333334120285
1049,1713,11653.14164145806,11656.931441458059,11654.85364145806,11655.32364145806,136,87,15,1,75,0.03979999999864958
1050,1714,11657.866308124725,11661.836108124726,11659.958308124726,11660.373308124725,-136,-23,25,0,79,0.019800000000759432
1051,1715,11664.686674791392,11668.521408124725,11666.398674791391,11666.928674791392,136,87,15,0,76,0.03473333333313322
1052,1716,11669.311341458058,11673.446141458058,11671.548341458058,11671.968341458058,125,-18,7,0,82,0.0347999999998132
1053,1717,11674.271441458059,11678.697074791393,11676.348441458058,11676.933441458059,-136,-23,27,1,88,0.0256333333341896
1054,1722,11706.006274791393,11709.711908124726,11707.548274791392,11707.993274791392,-136,-23,26,0,74,0.005633333333025625
1055,1723,11710.521308124726,11714.576308124726,11712.478308124726,11713.033308124726,121,-76,23,0,81,0.005000000000291216
1056,1724,11715.556308124726,11719.741674791392,11717.608308124725,11718.138308124726,125,-18,8,0,83,0.03536666666659549
1057,1727,11733.826674791391,11738.136374791393,11736.02867479139,11736.533674791392,-144,-52,6,2,86,0.00970000000161253
1058,1730,11750.926408124726,11754.286374791393,11752.278408124726,11752.748408124726,121,-76,24,0,67,0.009966666666878066
1059,1731,11755.086274791392,11758.53604145806,11756.758274791393,11757.153274791392,-136,-23,25,0,68,0.049766666666618775
1060,1732,11759.426274791393,11762.756108124726,11760.953274791393,11761.308274791392,114,91,1,1,66,0.029833333333226353
1061,1733,11769.506274791393,11772.726108124727,11770.958274791392,11771.298274791392,-9,110,19,0,64,0.019833333334463354
1062,1734,11773.541374791392,11776.976374791393,11774.833374791391,11775.378374791391,121,-76,24,0,68,0.03500000000130932
1063,1735,11777.77124145806,11781.536074791393,11779.793241458061,11780.09824145806,-13,111,10,2,75,0.014833333332717302
1064,1738,11793.001274791393,11797.006241458059,11795.008274791393,11795.483274791393,-144,-52,5,1,80,0.0049666666654957226
1065,1740,11803.691374791393,11807.661341458059,11805.488374791394,11806.078374791394,-13,111,12,1,79,0.019966666665641064
1066,1742,11814.396208124726,11817.601108124727,11815.828208124727,11816.173208124726,114,91,1,1,64,0.004900000000634286
1067,1743,11818.531241458059,11822.211108124726,11820.388241458058,11820.753241458058,-115,-100,16,0,73,0.029866666667293984
1068,1744,11826.831241458058,11830.241008124725,11828.428241458058,11828.818241458057,-144,-52,4,0,68,0.00976666666756465
1069,1746,11838.91124145806,11842.726674791393,11840.61824145806,11841.09824145806,-115,-100,17,0,76,0.01543333333320307
1070,1747,11843.651341458059,11847.696308124727,11845.508341458059,11846.143341458059,-13,111,12,0,80,0.04496666666818783
1071,1748,11851.861208124727,11855.946074791393,11854.138208124727,11854.483208124726,114,91,1,0,81,0.034866666666130364
1072,1749,11860.356208124726,11864.116041458059,11862.298208124725,11862.663208124726,-115,-100,16,1,75,0.009833333333517658
1073,1750,11864.926208124725,11868.916074791392,11867.078208124725,11867.488208124725,121,-76,22,1,79,0.039866666666784845
1074,1752,11877.961174791391,11881.49604145806,11879.70817479139,11880.068174791391,114,91,1,2,70,0.03486666666867677
1075,1754,11887.801208124725,11891.366041458059,11889.533208124725,11889.908208124725,-115,-100,16,0,71,0.01483333333380843
1076,1755,11892.35624145806,11896.291174791393,11894.273241458059,11894.748241458059,136,87,14,0,78,0.03493333333390147
1077,1756,11897.151308124725,11900.411308124727,11898.303308124725,11898.833308124726,121,-76,24,0,65,0.010000000002037268
1078,1757,11901.321208124726,11905.50684145806,11903.298208124726,11903.858208124726,-115,-100,17,0,83,0.03563333333440788
1079,1758,11906.316308124726,11910.281974791393,11908.053308124725,11908.523308124726,-115,-100,18,2,79,0.015666666666947826
1080,1759,11911.161308124727,11915.226308124726,11913.088308124727,11913.633308124727,121,-76,24,0,81,0.014999999998690505
1081,1760,11916.121174791391,11920.176174791392,11918.113174791391,11918.648174791391,-9,110,20,0,81,0.005000000000291216
1082,1761,11928.166174791393,11932.571141458058,11930.548174791393,11931.043174791394,136,87,14,0,88,0.004966666665131569
1083,1762,11933.391208124725,11937.25614145806,11935.293208124725,11935.783208124725,114,91,2,0,77,0.014933333334192778
1084,1763,11938.151308124725,11942.416308124726,11940.318308124724,11940.833308124726,-9,110,21,0,85,0.015000000001236913
1085,1764,11943.166274791392,11946.836274791392,11944.688274791393,11945.238274791393,-144,-52,6,2,73,0.020000000000072404
1086,1766,11952.291208124727,11955.896008124726,11954.103208124727,11954.438208124728,-9,110,19,0,72,0.0047999999991588105
1087,1767,11962.306141458059,11966.041008124725,11964.208141458059,11964.598141458058,136,87,13,0,74,0.03486666666576621
1088,1770,11977.076274791392,11980.446274791393,11978.228274791392,11978.888274791392,-9,110,21,0,67,0.020000000000800267
1089,1771,11984.556274791394,11988.74124145806,11986.673274791394,11987.178274791393,114,91,3,0,83,0.034966666665786406
1090,1773,11995.231274791393,11999.041241458059,11996.943274791392,11997.438274791393,-144,-52,6,1,76,0.009966666665786494
1091,1774,12001.996408124727,12005.990974791392,12004.183408124727,12004.553408124728,-136,-23,25,0,79,0.04456666666446818
1092,1775,12006.81114145806,12010.946141458058,12008.81814145806,12009.45314145806,-13,111,11,0,82,0.034999999998398756
1093,1776,12011.871274791392,12015.756874791394,12013.423274791392,12013.983274791392,-115,-100,18,0,77,0.03560000000143182
1094,1779,12063.931208124726,12067.806208124726,12065.693208124727,12066.203208124727,125,-18,9,0,77,0.02499999999999991
1095,1781,12074.226108124727,12078.306074791391,12076.268108124726,12076.768108124726,-144,-52,5,0,81,0.029966666664404507
1096,1783,12082.901474791393,12086.711241458059,12084.603474791393,12085.153474791394,-13,111,12,0,76,0.009766666665381951
1097,1785,12092.52624145806,12096.976208124725,12094.79324145806,12095.40324145806,121,-76,24,0,88,0.04996666666520433
1098,1786,12097.896108124725,12101.68094145806,12099.828108124726,12100.228108124726,-13,111,10,0,75,0.03483333333497285
1099,1787,12105.381308124724,12109.116074791393,12106.998308124725,12107.623308124725,-13,111,11,0,74,0.03476666666829242
1100,1789,12119.756074791392,12123.011108124727,12120.983074791393,12121.493074791391,-9,110,20,0,65,0.005033333334722556
1101,1790,12123.741074791393,12127.885941458058,12126.088074791393,12126.438074791393,114,91,1,0,82,0.044866666665620336
1102,1792,12136.171074791393,12140.350941458059,12138.538074791393,12138.898074791394,-115,-100,16,0,83,0.029866666665474995
1103,1796,12159.006041458058,12162.636474791392,12160.468041458058,12161.023041458058,125,-18,8,0,72,0.030433333333712564
1104,1797,12163.426208124725,12167.401174791394,12165.358208124726,12165.803208124726,136,87,15,0,79,0.024966666668478688
1105,1800,12178.801074791392,12182.445908124726,12180.618074791391,12180.998074791392,136,87,13,0,72,0.04483333333373585
1106,1801,12183.356041458059,12187.821041458059,12185.61804145806,12186.238041458058,136,87,14,0,89,0.015000000000145342
1107,1803,12192.776041458059,12196.321674791392,12194.15304145806,12194.658041458059,-115,-100,17,0,70,0.04563333333317132
1108,1804,12197.13604145806,12201.28104145806,12199.31304145806,12199.77304145806,114,91,2,2,82,0.045000000000436025
1109,1805,12204.516274791393,12208.45164145806,12206.188274791393,12206.793274791393,136,87,14,0,78,0.03536666666659549
1110,1806,12211.85104145806,12215.245874791392,12213.44804145806,12213.79804145806,-144,-52,4,0,67,0.04483333333191686
1111,1808,12222.271041458058,12226.291041458058,12224.238041458058,12224.753041458058,121,-76,23,0,80,0.020000000000436557
1112,1809,12227.13604145806,12230.416008124725,12228.31804145806,12228.91304145806,-13,111,11,0,65,0.029966666665131925
1113,1812,12240.551141458058,12244.696141458058,12242.663141458057,12243.123141458058,-9,110,21,0,82,0.045000000000436025
1114,1813,12248.701041458058,12252.966008124726,12250.953041458059,12251.428041458059,-9,110,20,0,85,0.01496666666753299
1115,1815,12258.516008124727,12262.305874791393,12260.443008124726,12260.853008124726,125,-18,7,2,75,0.039866666666057426
1116,1816,12263.25104145806,12267.556408124725,12265.338041458059,12265.953041458059,125,-18,8,0,86,0.005366666665577391
1117,1817,12268.38114145806,12272.906841458058,12270.55814145806,12271.11314145806,-136,-23,27,0,90,0.02569999999832362
1118,1819,12292.93614145806,12296.431741458058,12294.22314145806,12294.69814145806,-115,-100,18,0,69,0.04559999999837583
1119,1820,12297.241008124725,12300.715774791392,12298.833008124726,12299.263008124726,-144,-52,4,0,69,0.024766666666255155
1120,1822,12307.146108124725,12311.33614145806,12309.218108124725,12309.728108124726,-9,110,21,0,83,0.040033333334212884
1121,1824,12317.331008124725,12321.195841458059,12319.423008124726,12319.763008124726,-9,110,19,0,77,0.014833333333081011
1122,1827,12335.895974791392,12339.585808124726,12337.737974791393,12338.127974791392,121,-76,22,0,73,0.03983333333380834
1123,1830,12350.125974791394,12354.591674791393,12352.297974791394,12352.862974791393,-136,-23,26,0,89,0.01569999999883276
1124,1837,12423.01604145806,12426.311041458059,12424.25304145806,12424.75304145806,-9,110,21,0,65,0.04499999999825377
1125,1838,12429.601274791392,12434.011641458059,12431.718274791392,12432.253274791392,-115,-100,18,1,88,0.01036666666695929
1126,1841,12445.041041458058,12448.886008124726,12446.693041458058,12447.328041458059,-13,111,12,0,76,0.044966666667459965
1127,1842,12449.640908124726,12453.726574791392,12451.517908124726,12452.062908124726,-115,-100,17,0,81,0.03566666666592955
1128,1844,12461.041041458058,12465.681574791393,12463.463041458059,12463.983041458057,125,-18,9,0,92,0.040533333335042165
1129,1845,12466.47604145806,12470.101008124726,12468.043041458059,12468.553041458059,114,91,3,1,72,0.02496666666629599
1130,1846,12470.835874791392,12473.915741458059,12472.127874791391,12472.472874791392,114,91,1,0,61,0.029866666666930275
1131,1848,12485.505874791394,12489.37074145806,12487.537874791393,12487.927874791394,-115,-100,16,0,77,0.014866666666784933
1132,1852,12506.630874791394,12510.965874791393,12508.932874791393,12509.407874791394,-144,-52,5,0,86,0.03499999999912706
1133,1853,12511.846008124725,12516.261008124726,12514.068008124725,12514.693008124725,-13,111,12,0,88,0.01500000000087276
1134,1857,12538.670874791393,12542.855874791392,12540.782874791392,12541.317874791393,121,-76,23,0,83,0.03499999999949033
1135,1862,12568.390974791393,12572.751674791392,12570.497974791393,12570.997974791393,-136,-23,27,0,87,0.010699999999268961
1136,1865,12586.195974791393,12590.666574791392,12588.457974791394,12588.937974791394,-115,-100,18,0,89,0.020599999998739627
1137,1866,12591.461008124727,12595.105974791393,12593.043008124727,12593.528008124726,-9,110,21,0,72,0.04496666666673255
1138,1871,12615.36584145806,12618.370674791393,12616.57284145806,12616.92784145806,114,91,1,0,60,0.0048333333324990235
1139,1873,12670.38604145806,12673.885808124727,12671.72804145806,12672.35304145806,-13,111,11,0,69,0.049766666667710346
1140,1875,12679.735774791392,12683.295641458059,12681.557774791392,12681.862774791392,-13,111,10,0,71,0.009866666666493717
1141,1878,12694.580774791393,12698.840774791392,12696.697774791393,12697.317774791392,-13,111,11,0,85,0.00999999999839929
1142,1880,12707.085908124725,12710.355874791392,12708.347908124726,12708.792908124726,114,91,3,0,65,0.019966666666732635
1143,1881,12711.045808124727,12714.825608124725,12712.967808124728,12713.377808124727,-144,-52,4,2,75,0.029799999998431304
1144,1882,12715.615774791393,12719.75564145806,12717.962774791393,12718.297774791394,-9,110,19,0,82,0.03986666666642069
1145,1883,12720.550774791393,12724.796374791393,12722.602774791392,12723.157774791393,-115,-100,17,0,84,0.04560000000019482
1146,1884,12725.625874791393,12729.795908124725,12727.657874791392,12728.197874791393,121,-76,24,1,83,0.020033333331957337
1147,1886,12735.730774791393,12739.450608124725,12737.607774791393,12738.017774791393,125,-18,7,0,74,0.019833333332644365
1148,1888,12745.430908124727,12749.045908124725,12746.957908124727,12747.477908124727,-9,110,21,0,72,0.014999999997962643
1149,1889,12749.755741458059,12753.730608124726,12751.887741458058,12752.292741458059,125,-18,7,0,79,0.02486666666736692
1150,1890,12754.610774791392,12758.810741458059,12756.787774791392,12757.247774791393,136,87,14,0,83,0.04996666666702332
1151,1891,12759.600874791393,12763.120874791392,12761.042874791392,12761.532874791394,-9,110,21,0,70,0.019999999998617568
1152,1892,12763.810874791394,12768.295874791393,12766.192874791393,12766.697874791394,-9,110,21,0,89,0.03499999999876291
1153,1893,12776.44074145806,12780.185574791392,12778.37274145806,12778.73274145806,-136,-23,25,0,74,0.04483333333228057
1154,1894,12781.010874791393,12785.605841458058,12783.287874791393,12784.032874791394,-144,-52,6,0,91,0.04496666666564142
1155,1895,12787.711074791392,12791.826374791392,12789.598074791393,12790.143074791393,125,-18,9,0,82,0.015299999999478509
1156,1896,12792.58574145806,12796.420574791393,12794.57274145806,12794.99274145806,121,-76,22,0,76,0.034833333332426
1157,1897,12797.255741458059,12801.340741458058,12799.292741458059,12799.832741458058,-9,110,20,0,81,0.03499999999912706
1158,1898,12802.185741458059,12805.840574791393,12804.00774145806,12804.40274145806,114,91,1,0,73,0.00483333333395386
1159,1899,12819.685741458059,12823.761141458059,12821.647741458059,12822.15274145806,125,-18,8,0,81,0.02539999999971787
1160,1900,12827.021074791392,12831.20084145806,12829.09807479139,12829.618074791391,136,87,15,0,83,0.029766666668001207
1161,1901,12832.045708124726,12835.885708124726,12833.947708124726,12834.382708124725,114,91,2,0,76,0.04000000000014525
1162,1904,12846.170841458059,12849.780874791391,12847.657841458058,12848.20784145806,121,-76,24,0,72,0.01003333333246692
1163,1906,12858.060708124725,12861.230541458059,12859.387708124725,12859.772708124725,121,-76,22,0,63,0.019833333333371783
1164,1908,12867.750708124726,12871.390541458059,12869.587708124725,12869.942708124725,136,87,13,0,72,0.03983333333271721
1165,1910,12880.300708124727,12884.46554145806,12882.572708124728,12883.007708124727,136,87,13,0,83,0.014833333332353149
1166,1912,12893.71094145806,12898.26634145806,12896.05294145806,12896.56294145806,-136,-23,26,0,91,0.005400000001100302
1167,1915,12911.870841458058,12915.855808124725,12913.812841458057,12914.267841458059,114,91,3,0,79,0.03496666666687798
1168,1917,12924.985674791393,12928.876108124725,12926.702674791393,12927.232674791392,-115,-100,17,0,77,0.040433333332111854
1169,1918,12929.755774791392,12934.000774791391,12931.932774791392,12932.422774791392,136,87,15,2,84,0.04499999999898119
1170,1921,12947.025641458058,12950.53064145806,12948.567641458058,12949.032641458058,114,91,2,0,70,0.005000000001018634
1171,1922,12951.41564145806,12954.96554145806,12953.152641458058,12953.53264145806,136,87,13,1,70,0.04989999999997963
1172,1923,12957.896041458058,12961.625774791391,12959.543041458059,12960.048041458058,-9,110,21,0,74,0.029733333333569867
1173,1924,12962.62564145806,12966.245441458059,12964.432641458061,12964.78764145806,-144,-52,4,0,72,0.019799999998576734
1174,1925,12967.005774791392,12971.215774791392,12969.112774791392,12969.637774791392,-9,110,21,0,84,0.009999999999126707
1175,1927,12979.685874791394,12983.87564145806,12981.722874791394,12982.352874791393,-13,111,11,0,83,0.039766666666400496
1176,1928,12984.805641458059,12988.200508124726,12986.417641458058,12986.77264145806,-13,111,10,0,67,0.04486666666743977
1177,1931,12998.63064145806,13002.670474791394,13000.84764145806,13001.18764145806,-13,111,10,0,80,0.039833333334172494
1178,1933,13008.35564145806,13012.621241458059,13010.37764145806,13010.91764145806,-136,-23,26,0,85,0.015599999998812564
1179,1934,13013.40564145806,13017.140408124726,13015.33764145806,13015.722641458058,-144,-52,4,0,74,0.034766666666473434
1180,1935,13018.005741458059,13022.106408124726,13019.852741458059,13020.34774145806,-115,-100,18,0,82,0.0006666666671657495
1181,1937,13028.645641458059,13031.840474791392,13029.947641458059,13030.357641458058,136,87,13,0,63,0.044833333333007985
1182,1938,13032.63574145806,13036.391274791393,13034.17774145806,13034.69774145806,125,-18,9,0,75,0.00553333333300543
1183,1939,13037.095608124726,13040.435641458058,13038.422608124725,13038.887608124725,121,-76,23,0,66,0.040033333332030185
1184,1944,13064.370574791392,13068.390474791391,13066.522574791392,13066.927574791393,-136,-23,25,1,80,0.01989999999932479
1185,1947,13085.185574791392,13088.89044145806,13087.062574791393,13087.447574791393,-115,-100,16,1,74,0.004866666666930364
1186,1948,13089.825608124725,13093.40544145806,13091.512608124725,13091.937608124725,136,87,13,1,71,0.029833333335045342
1187,1954,13129.195808124725,13132.615574791393,13130.587808124725,13131.087808124725,-144,-52,5,0,68,0.01976666666778293
1188,1955,13133.535708124726,13137.751308124727,13135.387708124726,13135.972708124726,-136,-23,27,0,84,0.015600000001358971
1189,1956,13138.44574145806,13142.216308124727,13139.99274145806,13140.497741458059,-115,-100,18,1,75,0.020566666667946265
1190,1957,13142.925574791392,13146.09554145806,13144.087574791392,13144.577574791392,-144,-52,5,2,63,0.01996666666818747
1191,1959,13152.910574791393,13156.295574791393,13154.257574791392,13154.762574791393,-9,110,20,0,67,0.03500000000021819
1192,1960,13156.970674791392,13161.065674791393,13158.87767479139,13159.372674791392,-144,-52,6,0,81,0.04500000000116433
1193,1962,13174.080674791392,13178.646274791394,13176.347674791392,13176.867674791392,-115,-100,18,0,91,0.015600000001723124
1194,1963,13179.34554145806,13183.420408124726,13181.58754145806,13181.97754145806,136,87,13,0,81,0.024866666665912085
1195,1965,13189.84554145806,13193.360508124726,13191.38754145806,13191.867541458061,114,91,2,2,70,0.014966666665714001
1196,1967,13201.93554145806,13205.420408124726,13203.62754145806,13203.992541458061,114,91,1,0,69,0.03486666666576621
1197,1968,13206.28064145806,13210.610641458059,13208.41764145806,13208.95264145806,136,87,15,2,86,0.029999999999927418
1198,1970,13228.950741458058,13233.140474791391,13231.117741458058,13231.58774145806,-144,-52,5,1,83,0.039733333332696574
1199,1971,13236.830508124727,13240.860508124726,13238.852508124728,13239.327508124727,136,87,14,0,80,0.029999999998835847
1200,1972,13241.64554145806,13245.860508124726,13243.82254145806,13244.36754145806,114,91,2,0,84,0.01496666666644142
1201,1973,13246.75064145806,13250.720608124726,13248.54264145806,13249.15764145806,-13,111,12,0,79,0.019966666665641064
1202,1974,13258.805608124727,13262.390608124726,13260.372608124726,13260.822608124727,136,87,15,0,71,0.03499999999912662
1203,1975,13265.61084145806,13268.890608124726,13266.83284145806,13267.29784145806,-144,-52,6,0,65,0.02976666666654637
1204,1976,13269.675508124725,13273.45034145806,13271.672508124724,13271.987508124725,-9,110,19,0,75,0.02483333333475457
1205,1979,13287.085474791393,13290.545474791394,13288.502474791392,13288.992474791392,125,-18,8,0,69,0.010000000000945697
1206,1980,13295.625841458059,13299.86614145806,13297.66284145806,13298.167841458058,125,-18,9,0,84,0.04030000000129785
1207,1981,13300.710474791393,13304.645474791392,13302.562474791393,13303.112474791393,-9,110,20,0,78,0.03499999999949033
1208,1982,13305.415474791393,13309.295341458059,13307.477474791393,13307.857474791392,114,91,1,0,77,0.029866666666202857
1209,1983,13428.715408124726,13432.110274791394,13430.277408124726,13430.657408124725,-144,-52,4,0,67,0.04486666666743977
1210,1984,13432.890408124726,13437.080408124726,13435.027408124726,13435.497408124726,121,-76,23,2,83,0.04000000000050896
1211,1985,13437.905508124726,13442.015541458059,13439.922508124726,13440.467508124726,121,-76,24,0,82,0.010033333332466476
1212,1986,13442.855408124726,13446.58024145806,13444.707408124726,13445.137408124725,125,-18,7,0,74,0.024833333333663
1213,1987,13447.380508124726,13451.000508124725,13448.927508124727,13449.402508124727,136,87,15,0,72,0.019999999998981277
1214,1988,13451.840408124726,13455.806008124726,13453.577408124725,13454.107408124726,-115,-100,17,0,79,0.015599999999539982
1215,1989,13458.685608124726,13462.530241458058,13460.702608124726,13461.112608124726,121,-76,22,2,76,0.04463333333223973
1216,1990,13463.395508124726,13467.390474791393,13465.337508124725,13465.812508124725,114,91,3,0,79,0.044966666667096256
1217,1992,13473.075374791391,13477.455808124727,13475.137374791391,13475.832374791391,125,-18,8,0,87,0.03043333333553111
1218,1994,13483.015374791394,13486.640241458059,13484.822374791394,13485.192374791393,114,91,1,0,72,0.024866666665184223
1219,1995,13490.185608124726,13494.360808124726,13492.197608124727,13492.732608124727,125,-18,8,0,83,0.025199999999676592
1220,1996,13500.125374791392,13503.95524145806,13502.102374791393,13502.527374791393,125,-18,7,0,76,0.029866666666930275
1221,1997,13511.980374791394,13515.750374791392,13513.732374791394,13514.212374791394,121,-76,23,2,75,0.019999999998617568
1222,2000,13527.630508124726,13531.821041458059,13529.557508124726,13530.122508124727,125,-18,9,0,83,0.04053333333249576
1223,2001,13591.821041458059,13596.066508124724,13593.808041458058,13594.35304145806,-136,-23,26,0,84,0.04546666666537913
1224,2002,13596.955774791393,13600.92564145806,13599.117774791393,13599.502774791392,114,91,1,0,79,0.019866666666348287
1225,2005,13614.561041458059,13618.595574791392,13616.718041458058,13617.158041458059,-144,-52,4,0,80,0.03453333333345654
1226,2007,13624.170774791393,13628.095774791393,13626.057774791392,13626.562774791393,136,87,14,1,78,0.02499999999927205
1227,2009,13636.620808124724,13640.190641458059,13638.427808124725,13638.732808124725,-13,111,10,0,71,0.019833333334827064
1228,2011,13646.23094145806,13649.740908124724,13647.67794145806,13648.147941458059,136,87,15,0,70,0.009966666664695367
1229,2012,13656.835808124724,13661.08074145806,13659.062808124725,13659.582808124725,114,91,2,0,84,0.04493333333521132
1230,2013,13661.880774791392,13665.67564145806,13663.822774791392,13664.227774791392,121,-76,22,2,75,0.04486666666707606
1231,2014,13668.66597479139,13672.535608124726,13670.722974791392,13671.107974791392,136,87,13,0,77,0.01963333333551409
1232,2015,13673.435874791392,13676.880908124725,13674.797874791391,13675.307874791393,121,-76,24,2,68,0.04503333333341253
1233,2018,13686.960874791392,13691.205874791392,13689.077874791392,13689.622874791392,121,-76,24,1,84,0.04500000000080018
1234,2021,13707.581108124727,13712.02084145806,13709.938108124727,13710.443108124726,114,91,3,0,88,0.039733333332696574
1235,2022,13714.416008124725,13717.880608124726,13716.063008124725,13716.408008124727,-136,-23,25,1,69,0.014600000001155244
1236,2024,13726.355874791392,13730.890841458058,13728.742874791391,13729.237874791392,-144,-52,6,0,90,0.03496666666615056
1237,2026,13737.360741458058,13741.600708124726,13739.457741458058,13740.067741458059,-13,111,11,0,84,0.03996666666789661
1238,2027,13757.340708124724,13761.801208124725,13759.597708124726,13760.152708124726,-115,-100,17,0,89,0.01050000000104756
1239,2028,13762.580708124726,13766.191141458059,13764.062708124726,13764.577708124725,125,-18,8,0,72,0.010433333333276007
1240,2029,13767.085808124724,13771.431441458059,13769.077808124726,13769.637808124724,-136,-23,27,0,86,0.04563333333426289
1241,2030,13772.270808124726,13775.850808124726,13773.827808124726,13774.287808124725,114,91,3,2,71,0.029999999999926974
1242,2036,13802.720708124725,13805.92564145806,13803.952708124725,13804.432708124725,114,91,2,0,64,0.004933333334338208
1243,2037,13809.04604145806,13813.145808124726,13811.123041458059,13811.568041458058,136,87,15,0,81,0.04976666666625551
1244,2040,13830.666041458058,13834.020774791392,13831.86804145806,13832.45804145806,114,91,3,0,67,0.004733333333569956
1245,2041,13834.885808124725,13838.755808124726,13836.712808124725,13837.207808124725,-9,110,21,1,77,0.020000000000800267
1246,2042,13839.550674791393,13843.14554145806,13841.312674791392,13841.712674791394,-136,-23,25,0,71,0.0448666666663482
1247,2043,13844.02067479139,13847.475508124726,13845.667674791392,13846.03767479139,-9,110,19,0,69,0.004833333335045431
1248,2044,13848.340674791392,13851.910641458058,13849.907674791393,13850.392674791392,136,87,14,0,71,0.019966666666004773
1249,2045,13854.996008124726,13859.161374791393,13856.868008124726,13857.438008124725,-115,-100,18,0,83,0.015366666666158935
1250,2046,13859.935674791392,13863.925674791393,13861.917674791392,13862.37767479139,-9,110,20,2,79,0.04000000000160053
1251,2047,13868.910874791392,13872.675508124725,13870.812874791392,13871.177874791392,-136,-23,25,0,75,0.014633333332312759
1252,2048,13875.835908124725,13879.690441458059,13877.812908124724,13878.237908124725,-144,-52,4,0,77,0.004533333333165412
1253,2049,13880.565741458058,13884.895774791392,13882.637741458058,13883.307741458058,-13,111,12,0,86,0.03003333333363134
1254,2051,13893.770774791392,13897.660741458058,13895.547774791392,13896.072774791392,-144,-52,6,0,77,0.03996666666571391
1255,2052,13898.580641458058,13902.550474791391,13900.697641458059,13901.072641458059,-115,-100,16,0,79,0.019833333332644365
1256,2053,13903.310641458058,13907.395608124725,13905.18264145806,13905.867641458059,-144,-52,5,0,81,0.03496666666724213
1257,2059,13934.295641458059,13938.050474791391,13936.252641458059,13936.62264145806,-9,110,19,1,75,0.0048333333324990235
1258,2060,13939.945974791393,13943.85074145806,13941.802974791393,13942.267974791393,-9,110,21,0,78,0.0047666666665460156
1259,2061,13947.800608124726,13952.006041458058,13949.832608124725,13950.387608124725,125,-18,8,0,84,0.005433333332621082
1260,2063,13957.76074145806,13961.865708124726,13959.752741458058,13960.26274145806,-144,-52,6,0,82,0.0049666666658589875
1261,2064,13962.685641458058,13966.305574791393,13964.152641458058,13964.787641458059,-13,111,11,0,72,0.01993333333521141
1262,2066,13972.460608124726,13976.910608124726,13974.857608124727,13975.397608124726,136,87,14,0,89,7.274181257344026e-13
1263,2067,13982.020808124726,13985.460441458059,13983.647808124726,13984.002808124726,-136,-23,25,0,68,0.0396333333334038
1264,2069,13990.470574791392,13994.460441458059,13992.607574791393,13993.022574791392,125,-18,7,2,79,0.039866666666784845
1265,2070,13995.235741458058,13998.85134145806,13996.602741458059,13997.067741458059,-136,-23,27,2,72,0.015600000000995262
1266,2071,13999.595608124724,14003.695441458058,14001.817608124726,14002.252608124725,-144,-52,4,0,81,0.049833333333663354
1267,2072,14004.640708124725,14009.051208124725,14006.797708124726,14007.367708124726,125,-18,9,1,88,0.010499999999955989
1268,2075,14019.075574791392,14023.695574791393,14021.552574791393,14022.187574791391,-144,-52,5,0,92,0.020000000000799822
1269,2077,14029.950574791392,14033.830974791392,14031.592574791392,14032.147574791392,125,-18,8,0,77,0.030400000000008642
1270,2078,14034.715674791392,14038.615674791392,14036.602674791393,14037.062674791392,114,91,3,0,78,-3.6415315207705135e-13
1271,2079,14041.780908124725,14045.180641458059,14043.032908124726,14043.582908124725,-144,-52,6,0,67,0.049733333333642715
1272,2081,14050.855708124725,14054.820674791392,14052.737708124725,14053.192708124727,136,87,15,0,79,0.01496666666644142
1273,2082,14055.750574791393,14059.770408124725,14057.912574791393,14058.312574791391,136,87,13,0,80,0.019833333331916947
1274,2083,14060.68054145806,14064.445541458059,14062.427541458059,14062.93254145806,114,91,2,0,75,0.014999999999417923
1275,2085,14089.450508124726,14093.225974791392,14090.952508124727,14091.597508124725,125,-18,8,2,75,0.025466666666034143
1276,2087,14099.725641458059,14103.820674791392,14101.722641458058,14102.24764145806,-9,110,21,0,81,0.045033333333049264
1277,2089,14109.045641458059,14112.600641458059,14110.422641458059,14111.057641458057,-13,111,12,0,71,0.005000000000290772
1278,2090,14113.305508124726,14116.94594145806,14114.812508124725,14115.337508124725,125,-18,8,0,72,0.04043333333393084
1279,2093,14131.100874791391,14135.726274791392,14133.417874791392,14133.957874791391,-136,-23,27,1,92,0.025400000000808554
1280,2094,14136.490508124725,14140.490508124725,14138.397508124726,14138.892508124725,-9,110,20,0,80,0.0
1281,2096,14146.025508124725,14149.02034145806,14147.227508124724,14147.597508124725,-9,110,19,0,59,0.04483333333409956
1282,2098,14179.705508124725,14182.755308124724,14180.972508124725,14181.317508124725,-144,-52,4,1,60,0.04979999999886786
1283,2100,14188.785474791392,14192.08534145806,14190.187474791392,14190.642474791392,121,-76,22,0,65,0.049866666668094695
1284,2101,14192.910474791392,14196.790341458058,14194.97747479139,14195.35247479139,114,91,1,0,77,0.029866666666202857
1285,2103,14202.99057479139,14206.885574791391,14204.66757479139,14205.322574791393,-13,111,12,0,77,0.04500000000043647
1286,2104,14209.800808124724,14214.056174791393,14211.787808124725,14212.307808124726,-115,-100,18,2,85,0.0053666666681237984
1287,2106,14220.310474791393,14224.055308124725,14222.197474791392,14222.597474791393,121,-76,22,0,74,0.04483333333228057
1288,2107,14224.890574791392,14228.421274791392,14226.117574791391,14226.637574791392,-136,-23,27,0,70,0.030699999999342253
1289,2110,14238.725474791392,14242.240474791393,14240.252474791392,14240.702474791393,136,87,14,0,70,0.015000000001236913
1290,2111,14327.015408124726,14331.180408124725,14329.017408124726,14329.677408124726,-13,111,11,0,83,0.01499999999905377
1291,2112,14332.070374791392,14335.885241458058,14334.03737479139,14334.452374791392,-115,-100,16,0,76,0.014866666665693362
1292,2114,14343.785374791392,14347.320374791392,14345.232374791392,14345.807374791391,125,-18,8,0,70,0.03499999999985448
1293,2115,14348.215408124724,14351.93024145806,14350.157408124725,14350.492408124726,-13,111,10,0,74,0.01483333333526371
1294,2118,14363.160374791392,14366.790208124727,14364.947374791393,14365.322374791393,136,87,13,2,72,0.029833333334317924
1295,2121,14380.880608124726,14384.586008124727,14382.382608124726,14382.897608124726,-136,-23,26,0,74,0.005400000000736149
1296,2122,14385.425374791392,14389.16597479139,14386.957374791393,14387.51737479139,-115,-100,17,0,74,0.040599999999176184
1297,2125,14413.960708124725,14418.165474791393,14416.037708124724,14416.542708124725,121,-76,24,1,84,0.004766666667637587
1298,2126,14419.035374791392,14423.085174791391,14421.217374791391,14421.627374791391,121,-76,22,0,80,0.04979999999886786
1299,2127,14426.095708124725,14430.215474791392,14428.052708124726,14428.647708124725,121,-76,24,0,82,0.019766666666691357
1300,2129,14436.810308124725,14440.180341458059,14438.142308124727,14438.642308124727,121,-76,23,0,67,0.02003333333450419
1301,2130,14441.075341458058,14445.555941458058,14443.397341458058,14443.932341458058,-115,-100,17,0,89,0.030600000000776895
1302,2131,14447.630541458058,14450.700174791393,14448.96754145806,14449.277541458057,-13,111,10,1,61,0.01963333333442252
1303,2132,14457.570341458058,14461.60034145806,14459.557341458058,14460.057341458058,121,-76,23,0,80,0.030000000000654836
1304,2134,14470.980441458058,14475.230441458058,14473.107441458058,14473.607441458058,-9,110,21,0,85,0.0
1305,2136,14485.585408124725,14489.260941458058,14487.052408124724,14487.577408124725,125,-18,9,1,73,0.025533333333077834
1306,2138,14494.585408124725,14499.040408124725,14496.952408124725,14497.472408124726,121,-76,24,0,89,0.004999999999927063
1307,2139,14499.855441458058,14504.135374791393,14502.022441458059,14502.537441458058,125,-18,9,0,85,0.02993333333506598
1308,2140,14507.180508124726,14510.430308124725,14508.342508124726,14508.887508124726,121,-76,23,0,64,0.04979999999959528
1309,2141,14511.340308124725,14514.41514145806,14512.567308124726,14512.992308124725,125,-18,7,0,61,0.024833333334026708
1310,2142,14515.255274791392,14519.555308124725,14517.517274791393,14518.012274791392,-9,110,20,0,86,3.333333297650398e-05
1311,2144,14542.240274791391,14546.110274791392,14544.022274791392,14544.572274791393,121,-76,23,2,77,0.020000000000800267
1312,2146,14551.660274791393,14555.570108124724,14553.702274791392,14554.112274791392,125,-18,7,0,78,0.009833333331334515
1313,2148,14565.330274791391,14568.945108124724,14567.132274791391,14567.497274791393,-9,110,19,0,72,0.014833333333081011
1314,2151,14589.510241458058,14593.915674791391,14591.73224145806,14592.28724145806,125,-18,8,0,88,0.0054333333333485
1315,2154,14608.420408124726,14611.930308124725,14609.922408124727,14610.377408124725,114,91,3,0,70,0.009899999999106512
1316,2155,14612.69524145806,14616.25024145806,14614.257241458059,14614.747241458059,114,91,2,0,71,0.005000000000290772
1317,2156,14617.075208124726,14620.025108124726,14618.187208124726,14618.587208124725,125,-18,7,0,58,0.049899999999615474
1318,2157,14623.845241458059,14627.415074791392,14625.577241458059,14625.98224145806,-144,-52,4,0,71,0.019833333333008074
1319,2158,14631.020441458058,14634.585208124725,14632.522441458059,14633.06244145806,125,-18,8,0,71,0.014766666666400585
1320,2159,14635.490208124726,14639.135074791393,14637.337208124725,14637.692208124725,-144,-52,4,2,72,0.04486666666743977
1321,2161,14648.515208124725,14652.745208124725,14650.712208124725,14651.202208124725,136,87,14,0,84,0.029999999999563265
1322,2162,14653.575208124726,14657.370074791392,14655.572208124726,14655.917208124725,-13,111,10,0,75,0.04486666666525707
1323,2163,14658.060208124725,14661.87004145806,14660.047208124724,14660.442208124725,121,-76,22,2,76,0.009833333334608785
1324,2164,14662.645208124726,14666.090074791391,14664.282208124725,14664.637208124725,136,87,13,2,68,0.04486666666489292
1325,2165,14667.030208124725,14669.900041458059,14668.107208124726,14668.472208124726,-136,-23,25,0,57,0.019833333334099645
1326,2166,14670.885208124726,14675.165808124726,14672.977208124725,14673.477208124725,-115,-100,17,2,85,0.030600000000049477
1327,2167,14676.045174791392,14680.105841458058,14677.902174791392,14678.392174791392,-136,-23,26,0,81,0.010666666666293345
1328,2168,14680.920174791392,14684.715174791392,14682.707174791392,14683.187174791392,121,-76,23,0,75,0.04500000000007276
1329,2169,14685.635308124725,14689.635274791392,14687.572308124725,14688.042308124725,-144,-52,6,0,79,0.0499666666662959
1330,2170,14690.345174791393,14694.370174791391,14692.337174791392,14692.857174791392,114,91,2,0,80,0.024999999997817213
1331,2172,14700.950274791392,14705.48094145806,14703.222274791391,14703.722274791391,-136,-23,27,0,90,0.03066666666745732
1332,2174,14714.510308124725,14718.480274791393,14716.272308124724,14716.907308124726,-13,111,12,2,79,0.019966666667460053
1333,2175,14720.315574791392,14723.605241458059,14721.607574791393,14722.062574791391,114,91,3,0,65,0.03966666666747187
1334,2176,14726.715408124724,14730.77514145806,14728.587408124726,14729.247408124726,-144,-52,5,0,81,0.009733333335316452
1335,2190,14806.39524145806,14810.105208124725,14808.067241458059,14808.542241458059,114,91,3,1,74,0.009966666665422785
1336,2191,14810.815141458059,14814.649974791391,14812.797141458059,14813.22214145806,136,87,13,0,76,0.034833333332426
1337,2192,14815.440241458058,14818.875274791393,14816.862241458059,14817.26724145806,136,87,15,2,68,0.03503333333501324
1338,2193,14819.820108124724,14823.414974791393,14821.547108124725,14821.982108124725,114,91,1,0,71,0.04486666666816719
1339,2194,14826.89534145806,14831.200108124725,14829.06734145806,14829.697341458059,-13,111,11,0,86,0.004766666666182751
1340,2195,14831.955108124726,14836.090741458058,14833.862108124726,14834.397108124725,-136,-23,26,1,82,0.03563333333149732
1341,2196,14836.93024145806,14841.530241458058,14839.272241458058,14839.942241458059,136,87,15,0,92,-1.4557244298885053e-12
1342,2197,14842.260108124727,14846.039941458059,14844.207108124727,14844.602108124725,-115,-100,16,0,75,0.029833333332135226
1343,2199,14852.565074791393,14855.869941458059,14854.027074791393,14854.437074791393,121,-76,22,0,66,0.004866666665475083
1344,2200,14856.720108124726,14860.21494145806,14858.362108124726,14858.752108124725,-136,-23,25,0,69,0.04483333333409956
1345,2201,14861.165074791392,14864.324941458059,14862.457074791393,14862.877074791391,125,-18,7,0,63,0.009866666666857427
1346,2202,14865.135208124726,14869.300874791392,14866.992208124726,14867.557208124726,-115,-100,18,0,83,0.015666666665856255
1347,2203,14870.180108124725,14874.384941458058,14872.547108124725,14872.962108124724,125,-18,7,0,84,0.004833333333226442
1348,2204,14875.350074791393,14879.515708124725,14877.317074791392,14877.797074791393,-136,-23,26,2,83,0.015633333332152333
1349,2205,14880.305174791392,14884.165208124727,14881.992174791392,14882.612174791393,-13,111,12,0,77,0.01003333333428591
1350,2207,14894.665308124726,14898.55994145806,14896.742308124725,14897.122308124726,-115,-100,16,0,77,0.044633333333331304
1351,2208,14905.295274791391,14909.229908124726,14907.482274791393,14907.792274791393,-9,110,19,1,78,0.03463333333420415
1352,2210,14915.515074791392,14918.684908124726,14916.867074791393,14917.252074791391,121,-76,22,0,63,0.019833333333371783
1353,2211,14919.555041458058,14923.274841458058,14921.357041458057,14921.83204145806,-144,-52,4,0,74,0.019800000000759432
1354,2214,14933.210174791391,14937.385141458059,14935.227174791391,14935.817174791393,125,-18,9,2,83,0.024966666667387116
1355,2215,14938.325074791392,14942.28004145806,14940.217074791391,14940.747074791392,125,-18,8,0,79,0.00496666666804213
1356,2216,14943.220041458058,14947.40504145806,14945.392041458059,14945.877041458058,-9,110,20,0,83,0.03500000000130932
1357,2217,14948.22504145806,14952.370041458058,14950.38704145806,14950.847041458059,136,87,14,0,82,0.044999999998617035
1358,2219,14961.180174791392,14965.285174791392,14963.157174791393,14963.657174791393,-9,110,21,0,82,0.00499999999956291
1359,2220,14977.195041458059,14981.134874791393,14979.307041458058,14979.687041458059,121,-76,22,0,78,0.03983333333380834
1360,2221,14981.97504145806,14986.350641458059,14984.17204145806,14984.68204145806,-115,-100,17,0,87,0.025599999999394107
1361,2222,14987.250041458059,14990.46504145806,14988.42204145806,14988.927041458059,121,-76,23,0,64,0.015000000000145342
1362,2223,14991.320008124725,14995.059841458058,14993.257008124725,14993.632008124725,114,91,1,0,74,0.03983333333308092
1363,2224,14995.845074791392,14999.749908124726,14997.937074791393,14998.292074791392,-136,-23,25,0,78,0.00483333333395386
1364,2227,15012.05014145806,15016.435174791392,15014.262141458059,15014.83714145806,121,-76,24,0,87,0.03503333333210268
1365,2228,15017.245108124725,15021.390108124726,15019.372108124726,15019.822108124725,136,87,15,0,82,0.045000000000436025
1366,2229,15031.760341458059,15035.340141458058,15033.267341458059,15033.77234145806,-9,110,21,0,71,0.02979999999952243
1367,2230,15038.34024145806,15041.854841458058,15040.077241458059,15040.40224145806,-13,111,10,0,70,0.014599999998608837
1368,2232,15047.334974791393,15051.369974791392,15049.431974791392,15049.871974791393,114,91,2,0,80,0.03499999999985448
1369,2233,15052.155108124725,15056.245074791392,15054.247108124726,15054.702108124726,114,91,3,0,81,0.039966666666441775
1370,2234,15056.970008124725,15060.934974791391,15058.787008124724,15059.437008124725,-13,111,11,0,79,0.01496666666644142
1371,2237,15078.114974791391,15082.199974791392,15080.161974791392,15080.666974791391,121,-76,23,1,81,0.03500000000094605
1372,2238,15083.059974791391,15087.119941458059,15085.05697479139,15085.54697479139,-144,-52,5,0,81,0.009966666667605928
1373,2241,15100.655208124725,15104.199808124726,15102.342208124724,15102.742208124724,136,87,13,0,70,0.04460000000108266
1374,2242,15104.999974791392,15108.214808124725,15106.386974791392,15106.761974791392,136,87,13,1,64,0.01483333333344472
1375,2243,15109.065108124725,15112.65504145806,15110.497108124726,15111.102108124725,-13,111,12,0,71,0.0399333333345564
1376,2244,15113.465074791393,15117.590674791392,15115.282074791392,15115.807074791393,-136,-23,27,0,82,0.025599999999394107
1377,2245,15179.820041458059,15183.670674791392,15181.33204145806,15181.882041458059,-136,-23,27,0,77,0.0006333333334622715
1378,2246,15184.495041458058,15187.685041458059,15185.627041458058,15186.117041458057,-9,110,21,0,63,0.04000000000050896
1379,2252,15215.544874791392,15219.369674791393,15217.531874791392,15217.916874791392,-144,-52,4,0,76,0.024800000000322786
1380,2254,15229.690274791392,15234.174974791393,15232.092274791392,15232.602274791392,-144,-52,6,1,89,0.03470000000088458
1381,2257,15245.169874791392,15248.699741458058,15246.836874791392,15247.251874791393,136,87,13,0,70,0.029866666665839148
1382,2258,15249.614908124726,15252.729741458059,15250.956908124726,15251.311908124726,-9,110,19,0,62,0.014833333333081011
1383,2260,15258.439874791393,15261.859708124726,15260.031874791393,15260.356874791392,-9,110,19,2,68,0.019833333333371783
1384,2265,15297.604874791392,15301.15484145806,15299.216874791391,15299.656874791392,114,91,2,0,70,0.04996666666738747
1385,2267,15318.520174791392,15322.13994145806,15319.962174791392,15320.557174791393,-13,111,12,0,72,0.0197666666666918
1386,2270,15340.544808124725,15344.745441458059,15342.461808124724,15343.061808124725,-115,-100,17,0,84,0.0006333333338259806
1387,2273,15355.12984145806,15358.809674791391,15357.001841458059,15357.376841458059,-115,-100,16,2,73,0.029833333331771072
1388,2274,15359.694808124725,15363.735474791392,15361.436808124725,15362.051808124725,-115,-100,17,0,80,0.0406666666676756
1389,2276,15369.624908124726,15374.130541458058,15371.876908124726,15372.391908124726,-115,-100,18,0,90,0.005633333332298207
1390,2277,15374.884808124725,15379.109674791393,15377.276808124725,15377.661808124725,136,87,13,0,84,0.02486666666736692
1391,2278,15382.31504145806,15386.43464145806,15384.61204145806,15384.98704145806,121,-76,22,0,82,0.019599999999990736
1392,2280,15393.059808124726,15396.339674791392,15394.491808124727,15394.881808124726,-115,-100,16,0,65,0.029866666665839148
1393,2281,15397.31994145806,15401.424908124725,15399.25194145806,15399.886941458059,-13,111,12,0,82,0.0049666666658589875
1394,2282,15405.034774791393,15409.044674791392,15407.211774791393,15407.606774791393,-144,-52,4,0,80,0.009899999999106512
1395,2283,15409.899808124726,15413.529774791392,15411.541808124726,15412.016808124727,136,87,14,0,72,0.029966666665495634
1396,2285,15422.360008124726,15426.059774791393,15424.042008124727,15424.547008124726,-9,110,20,0,73,0.049766666666618775
1397,2288,15443.814774791392,15447.764608124726,15445.921774791392,15446.321774791391,-115,-100,16,1,78,0.04983333333402662
1398,2289,15450.770008124726,15454.419774791393,15452.437008124725,15452.892008124725,-9,110,20,0,72,0.04976666666734664
1399,2292,15470.730008124725,15474.904608124725,15473.082008124726,15473.462008124725,125,-18,7,0,83,0.024600000000281952
1400,2293,15475.779874791391,15480.235508124726,15477.941874791391,15478.466874791391,-136,-23,27,0,89,0.005633333334844615
1401,2295,15485.60984145806,15489.700408124725,15487.471841458058,15488.02184145806,125,-18,9,0,81,0.040566666665836415
1402,2297,15495.694741458059,15499.500141458058,15497.32174145806,15497.87674145806,125,-18,8,1,76,0.005399999999280869
1403,2298,15502.565108124725,15506.344874791392,15504.292108124726,15504.752108124725,121,-76,24,0,75,0.02976666666654637
1404,2301,15522.46994145806,15525.904574791391,15524.136941458059,15524.456941458058,-9,110,19,2,68,0.03463333333238516
1405,2304,15537.069741458059,15540.939708124726,15538.916741458059,15539.40174145806,-9,110,20,0,77,0.019966666667096344
1406,2307,15550.884841458059,15554.96984145806,15552.901841458059,15553.391841458058,-9,110,21,2,81,0.03500000000094605
1407,2308,15565.864841458058,15570.159774791393,15568.056841458058,15568.581841458059,114,91,3,0,85,0.044933333334483905
1408,2309,15571.309674791391,15574.309508124725,15572.491674791392,15572.88667479139,-136,-23,25,0,59,0.0498333333332992
1409,2312,15585.139708124725,15588.640308124726,15586.411708124726,15586.956708124724,-136,-23,26,0,70,0.0006000000012136297
1410,2313,15596.079941458058,15599.34464145806,15597.301941458058,15597.791941458057,-144,-52,5,0,65,0.014700000001539593
1411,2314,15600.214808124725,15604.385441458058,15602.131808124725,15602.651808124725,-115,-100,18,0,83,0.020633333333170967
1412,2315,15605.234808124726,15608.859808124726,15606.701808124726,15607.291808124726,121,-76,24,0,72,0.02499999999999991
1413,2316,15609.749808124725,15613.554808124725,15611.481808124725,15611.956808124725,136,87,15,0,76,0.005000000000290772
1414,2317,15614.424674791393,15618.315308124726,15616.071674791394,15616.646674791393,-115,-100,17,0,77,0.0406333333325164
1415,2318,15623.600008124726,15627.594774791392,15625.477008124726,15625.987008124726,136,87,15,0,79,0.04476666666669171
1416,2319,15628.424808124726,15632.044808124725,15629.941808124726,15630.426808124726,121,-76,24,0,72,0.019999999998981277
1417,2320,15632.924674791393,15636.815074791393,15634.576674791393,15635.191674791393,125,-18,8,2,77,0.04040000000022692
1418,2321,15640.149908124726,15643.669508124725,15641.891908124726,15642.206908124726,-13,111,10,2,70,0.01959999999962747
1419,2322,15647.210008124726,15650.719774791392,15648.677008124727,15649.102008124726,136,87,15,0,70,0.009766666666109813
1420,2323,15651.639674791393,15655.850274791392,15653.541674791393,15654.126674791392,-136,-23,26,1,84,0.010599999998521348
1421,2325,15662.37964145806,15665.429508124726,15663.581641458059,15663.966641458059,125,-18,7,2,60,0.049866666666275705
1422,2327,15671.474641458059,15675.109608124725,15673.126641458059,15673.581641458059,114,91,2,0,72,0.03496666666651427
1423,2328,15675.91464145806,15679.389441458059,15677.616641458058,15677.966641458059,-144,-52,4,0,69,0.024799999999959077
1424,2329,15687.104774791393,15690.890374791392,15688.621774791392,15689.136774791392,-115,-100,18,0,75,0.03559999999924912
1425,2331,15697.664774791392,15701.999774791391,15699.756774791393,15700.396774791392,121,-76,24,0,86,0.03499999999912706
1426,2334,15714.539608124725,15718.389474791393,15716.511608124725,15716.956608124725,121,-76,22,0,76,0.04986666666736683
1427,2335,15719.329641458058,15723.064474791392,15721.241641458058,15721.591641458059,-13,111,10,1,74,0.03483333333388128
1428,2337,15729.124641458058,15733.174574791392,15731.091641458059,15731.656641458057,-144,-52,5,0,80,0.04993333333368355
1429,2338,15734.054608124725,15738.169608124725,15735.991608124725,15736.581608124725,121,-76,23,0,82,0.014999999999781188
1430,2340,15744.75974145806,15748.924708124725,15746.71674145806,15747.32174145806,-144,-52,6,0,83,0.014966666665349848
1431,2341,15749.954608124724,15753.394441458058,15751.491608124725,15751.891608124724,125,-18,7,0,68,0.03983333333380834
1432,2342,15754.264608124726,15757.810208124725,15755.581608124725,15756.131608124726,-115,-100,17,2,70,0.0455999999994674
1433,2349,15790.729608124726,15794.674441458059,15792.796608124725,15793.216608124725,114,91,1,0,78,0.044833333333007985
1434,2350,15795.764708124725,15799.864674791392,15797.666708124725,15798.301708124725,-13,111,12,0,81,0.04996666666666005
1435,2352,15806.464574791393,15809.584408124725,15807.751574791393,15808.156574791392,-115,-100,16,1,62,0.019833333332280656
1436,2355,15827.334541458058,15831.404541458058,15829.286541458057,15829.871541458058,-13,111,11,0,81,0.01999999999970914
1437,2357,15846.289674791393,15850.485308124726,15848.136674791393,15848.696674791392,-136,-23,27,0,83,0.04563333333280717
1438,2359,15856.549541458058,15860.845241458059,15858.561541458059,15859.121541458058,-136,-23,26,0,85,0.045700000000579166
1439,2360,15861.844541458058,15865.814408124726,15863.946541458059,15864.356541458059,-136,-23,25,0,79,0.019866666668167277
1440,2363,15880.26954145806,15883.984374791393,15882.09154145806,15882.54154145806,-144,-52,4,1,74,0.01483333333344472
1441,2365,15889.88964145806,15894.485241458058,15892.171641458059,15892.73664145806,-115,-100,18,0,91,0.04559999999873998
1442,2366,15895.359508124726,15899.359508124726,15897.216508124726,15897.836508124727,-13,111,11,0,80,0.0
1443,2367,15902.724874791393,15906.58464145806,15904.496874791394,15905.011874791393,114,91,3,0,77,0.009766666666473522
1444,2368,15907.529508124726,15911.109508124726,15908.971508124725,15909.566508124726,-13,111,11,1,71,0.029999999999926974
1445,2371,15930.854608124726,15935.480241458059,15933.006608124726,15933.606608124726,-136,-23,27,0,92,0.02563333333309803
1446,2372,15936.289508124726,15940.674908124725,15938.496508124726,15939.051508124727,125,-18,8,0,87,0.03539999999920784
1447,2373,15947.369508124726,15950.394341458059,15948.566508124726,15948.961508124727,-115,-100,16,0,60,0.02483333333293558
1448,2374,15953.344708124725,15957.374341458059,15955.516708124725,15955.916708124725,114,91,1,2,80,0.029633333333549672
1449,2375,15958.364474791393,15962.174241458059,15960.331474791394,15960.726474791392,-136,-23,25,0,76,0.009766666665381951
1450,2376,15963.039508124726,15966.959474791392,15964.951508124726,15965.421508124726,-9,110,20,0,78,0.019966666666368482
1451,2377,15967.724608124725,15971.799574791392,15969.596608124724,15970.241608124725,-13,111,12,2,81,0.02496666666702385
1452,2378,15972.559474791393,15976.95444145806,15974.856474791393,15975.421474791392,114,91,2,0,87,0.0449666666667321
1453,2379,15977.929474791392,15981.579341458058,15979.781474791393,15980.101474791392,-13,111,10,0,72,0.049866666666639414
1454,2380,15984.554708124726,15989.019474791392,15986.906708124727,15987.506708124725,-13,111,11,0,89,0.014766666666036876
1455,2381,15992.059674791391,15996.004441458059,15994.031674791391,15994.50167479139,136,87,14,1,78,0.04476666666741913
1456,2382,15997.029474791392,16000.874308124725,15999.061474791391,15999.436474791391,-115,-100,16,0,76,0.044833333332644276
1457,2389,16035.06944145806,16038.755174791393,16036.53644145806,16037.03644145806,-136,-23,26,0,73,0.035733333333700656
1458,2392,16051.669674791392,16055.534274791393,16053.776674791392,16054.086674791391,-9,110,19,0,77,0.014600000000791535
1459,2393,16056.379541458058,16059.719541458058,16057.656541458058,16058.116541458057,136,87,15,0,66,0.04000000000014525
1460,2396,16073.839574791393,16077.784541458059,16075.726574791393,16076.186574791393,136,87,15,0,78,0.044966666666004684
1461,2399,16089.399508124725,16093.73454145806,16091.656508124724,16092.171508124726,-9,110,21,0,86,0.035033333334649974
1462,2401,16102.199808124726,16106.049474791393,16103.941808124726,16104.476808124726,-144,-52,6,0,76,0.04966666666696229
1463,2402,16109.08464145806,16113.535108124725,16111.261641458059,16111.821641458058,-136,-23,26,0,89,0.00046666666530637
1464,2406,16136.094374791392,16139.989374791392,16137.971374791392,16138.45637479139,-144,-52,5,0,77,0.04500000000043647
1465,2407,16143.189608124725,16147.454374791392,16145.371608124726,16145.946608124725,121,-76,23,0,85,0.014766666667128447
1466,2408,16148.259374791392,16151.20424145806,16149.436374791392,16149.771374791393,-9,110,19,0,58,0.04486666666671191
1467,2412,16490.999274791393,16495.519941458057,16493.24127479139,16493.786274791393,-115,-100,18,0,90,0.020666666663601063
1468,2413,16496.429308124723,16500.26927479139,16498.031308124726,16498.676308124726,125,-18,9,0,76,0.03996666666644133
1469,2414,16501.089208124726,16505.17414145806,16503.036208124726,16503.646208124726,125,-18,8,0,81,0.0349333333353572
1470,2417,16538.894374791395,16542.444141458058,16540.441374791393,16540.906374791393,136,87,14,0,70,0.04976666666334495
1471,2418,16543.349241458058,16547.30424145806,16545.221241458057,16545.711241458055,136,87,15,0,79,0.005000000001746052
1472,2419,16548.209141458057,16551.629108124725,16549.63114145806,16550.101141458057,114,91,2,1,68,0.01996666666818747
1473,2420,16552.534141458058,16556.73914145806,16554.641141458058,16555.23614145806,114,91,2,0,84,0.005000000001746052
1474,2421,16557.704241458057,16561.20924145806,16559.09124145806,16559.63124145806,-144,-52,6,0,70,0.005000000001018634
1475,2423,16573.01437479139,16577.18414145806,16575.176374791394,16575.636374791393,-9,110,20,1,83,0.019766666669601918
1476,2429,16614.879108124725,16618.819741458057,16616.481108124724,16617.091108124725,-136,-23,26,0,78,0.040633333331788535
1477,2433,16635.829241458057,16639.379208124727,16637.19624145806,16637.82124145806,-13,111,12,1,70,0.04996666666920646
1478,2434,16640.17424145806,16644.444208124725,16642.27124145806,16642.861241458057,-13,111,12,0,85,0.019966666666732635
1479,2438,16676.23944145806,16679.989808124727,16677.74644145806,16678.24644145806,-115,-100,18,0,75,0.0003666666671051644
1480,2439,16685.964341458057,16689.879708124725,16687.746341458056,16688.25134145806,-115,-100,17,0,78,0.015366666667977924
1481,2440,16690.689074791393,16694.89967479139,16692.771074791395,16693.23607479139,-115,-100,17,0,84,0.010599999998521348
1482,2441,16695.71904145806,16699.959508124724,16697.771041458058,16698.29604145806,-115,-100,17,0,84,0.040466666666179485
1483,2442,16700.759074791393,16704.05404145806,16701.976074791393,16702.55607479139,-13,111,11,0,65,0.04496666666818783
1484,2443,16704.88417479139,16709.414174791393,16707.196174791392,16707.806174791393,-13,111,12,0,90,0.030000000002473826
1485,2444,16712.764274791392,16716.84904145806,16714.726274791392,16715.316274791392,-13,111,11,0,81,0.03476666666683759
1486,2445,16719.924408124723,16724.199174791393,16722.021408124725,16722.616408124726,-13,111,12,0,85,0.024766666669165716
1487,2446,16724.97917479139,16729.19417479139,16727.08117479139,16727.61117479139,-13,111,12,0,84,0.015000000000145342
1488,2447,16732.01927479139,16735.894041458057,16733.83127479139,16734.35627479139,121,-76,23,0,77,0.024766666667710435
1489,2448,16736.86404145806,16740.789041458058,16738.69604145806,16739.25104145806,121,-76,23,0,78,0.02499999999927205
1490,2449,16741.859174791392,16745.834174791395,16743.731174791392,16744.256174791393,121,-76,24,1,79,0.02500000000218261
1491,2450,16746.709141458057,16750.81917479139,16748.616141458057,16749.25614145806,121,-76,24,0,82,0.010033333334285466
1492,2451,16751.809174791393,16755.914174791393,16753.786174791392,16754.341174791392,121,-76,24,2,82,0.00499999999956291
1493,2452,16756.784041458057,16760.61404145806,16758.61604145806,16759.091041458058,-9,110,20,1,76,0.030000000001745963
1494,2453,16774.104008124727,16777.929008124724,16775.961008124727,16776.396008124728,-9,110,20,1,76,0.02499999999708935
1495,2454,16778.74414145806,16782.73914145806,16780.63114145806,16781.16614145806,-9,110,21,1,79,0.04499999999898119
1496,2455,16786.664008124724,16790.794008124725,16788.826008124728,16789.276008124725,-9,110,20,0,82,0.0300000000010181
1497,2456,16791.659008124727,16795.974008124726,16793.946008124723,16794.416008124725,-9,110,20,0,86,0.014999999998690505
1498,2457,16796.899008124725,16800.914008124724,16798.921008124726,16799.341008124724,-9,110,20,2,80,0.014999999999417923
1499,2458,16801.79397479139,16805.789008124724,16803.75597479139,16804.25597479139,-9,110,20,0,79,0.04503333333268511
1500,2459,16810.99434145806,16815.47474145806,16813.14134145806,16813.73634145806,-115,-100,18,2,89,0.03040000000037235
1501,2460,16816.299108124724,16820.554741458058,16818.306108124725,16818.806108124725,-115,-100,18,0,85,0.0056333333341171965
1502,2461,16823.504341458058,16827.324774791392,16824.986341458058,16825.52634145806,-136,-23,27,0,76,0.020433333334221704
1503,2462,16828.134008124725,16832.374708124727,16830.011008124726,16830.636008124726,-136,-23,26,1,84,0.04070000000210694
1504,2463,16833.279108124727,16837.069774791395,16834.746108124724,16835.286108124725,-136,-23,27,2,75,0.0406666666676756
1505,2464,16838.97434145806,16842.73967479139,16840.551341458056,16841.06134145806,125,-18,9,0,75,0.015333333332819166
1506,2465,16843.619008124726,16847.959374791393,16845.796008124726,16846.311008124725,125,-18,8,0,86,0.04036666666725086
1507,2466,16848.76907479139,16852.444108124728,16850.37607479139,16850.85107479139,-9,110,21,0,73,0.02503333333661395
1508,2470,16872.41407479139,16876.094074791392,16874.061074791392,16874.496074791394,136,87,15,0,73,0.030000000000290683
1509,2471,16876.95894145806,16881.008941458058,16879.025941458058,16879.46594145806,136,87,14,0,81,-7.274181257344026e-13
1510,2472,16883.209208124725,16887.02397479139,16885.026208124724,16885.516208124725,-9,110,20,0,76,0.014766666666400585
1511,2474,16892.828941458058,16896.288908124727,16894.235941458057,16894.76094145806,-144,-52,5,0,69,0.009966666669060764
1512,2475,16897.063974791392,16900.73894145806,16898.725974791392,16899.210974791393,-144,-52,5,0,73,0.024966666669206106
1513,2476,16903.63917479139,16907.838908124726,16905.696174791392,16906.326174791393,-144,-52,5,2,83,0.04973333333473384
1514,2477,16908.793941458058,16912.818908124726,16910.595941458057,16911.255941458057,-144,-52,5,0,80,0.02496666666775127
1515,2478,16913.788908124727,16916.883908124728,16914.915908124727,16915.355908124722,136,87,14,0,61,0.04500000000116389
1516,2479,16917.848941458058,16922.148908124727,16920.095941458057,16920.60594145806,136,87,14,0,85,0.04996666666920646
1517,2488,16968.009008124725,16971.584008124726,16969.541008124725,16969.981008124727,136,87,15,0,71,0.02500000000072733
1518,2489,16972.503908124723,16976.61887479139,16974.520908124723,16975.080908124724,136,87,14,0,82,0.014966666667896256
1519,2490,16981.969241458057,16985.959008124726,16983.89124145806,16984.36624145806,136,87,15,0,79,0.03976666666931106
1520,2491,16986.76394145806,16990.869508124728,16988.750941458056,16989.21594145806,136,87,14,0,82,0.005566666668891607
1521,2492,16991.753908124723,16995.448908124727,16993.265908124726,16993.910908124722,121,-76,23,0,73,0.045000000003346585
1522,2493,17003.899008124725,17007.884008124725,17005.836008124723,17006.301008124727,121,-76,24,1,79,0.0350000000005819
1523,2494,17011.074108124725,17015.083908124725,17012.956108124723,17013.551108124724,121,-76,23,0,80,0.009799999999813735
1524,2495,17016.019041458057,17019.869008124726,17017.72104145806,17018.28104145806,121,-76,24,0,76,0.0499666666684786
1525,2496,17020.704008124725,17025.084008124726,17022.861008124724,17023.486008124724,121,-76,24,0,87,0.0300000000010181
1526,2497,17028.924008124726,17032.803974791394,17030.671008124726,17031.206008124725,121,-76,24,0,77,0.029966666667314623
1527,2498,17033.61887479139,17037.663874791393,17035.61087479139,17036.12587479139,121,-76,23,0,80,0.04500000000189175
1528,2499,17038.528874791395,17041.919474791393,17039.770874791393,17040.26087479139,-115,-100,17,2,67,0.040599999998812475
1529,2500,17044.679208124726,17048.884541458057,17046.636208124728,17047.151208124727,-115,-100,18,0,84,0.005333333331509316
1530,2501,17049.659008124727,17053.819574791392,17051.541008124725,17052.076008124724,-115,-100,18,2,83,0.010566666665544844
1531,2506,17080.348841458057,17084.08424145806,17081.89084145806,17082.460841458058,125,-18,8,0,74,0.035400000001390985
1532,2507,17084.96384145806,17089.024241458057,17086.91084145806,17087.420841458057,125,-18,8,0,81,0.010399999998480958
1533,2508,17089.913941458057,17094.084508124724,17091.915941458057,17092.42094145806,125,-18,9,0,83,0.020566666667582112
1534,2509,17098.06894145806,17101.33947479139,17099.19594145806,17099.66094145806,125,-18,9,0,65,0.020533333332423354
1535,2510,17102.25384145806,17106.274274791394,17104.13084145806,17104.66084145806,125,-18,8,0,80,0.020433333334949566
1536,2511,17107.108941458057,17111.49447479139,17109.29594145806,17109.81594145806,125,-18,9,0,87,0.03553333333402353
1537,2512,17116.36917479139,17120.588908124726,17118.481174791392,17118.966174791392,-144,-52,6,1,84,0.019733333335170578
1538,2513,17121.30394145806,17125.50394145806,17123.280941458062,17123.900941458058,-144,-52,6,1,84,7.274181257344026e-13
1539,2514,17126.523941458057,17131.103908124725,17128.86594145806,17129.53094145806,-144,-52,6,0,91,0.029966666668042485
1540,2515,17131.98894145806,17135.883908124728,17133.76594145806,17134.26094145806,-144,-52,6,0,77,0.04496666666673255
1541,2516,17136.74394145806,17140.898908124727,17138.83594145806,17139.345941458057,-144,-52,6,0,83,0.004966666668769548
1542,2517,17141.62894145806,17146.14887479139,17143.96094145806,17144.525941458058,-144,-52,6,0,90,0.019933333329390734
1543,2518,17147.018908124726,17150.978908124725,17148.860908124727,17149.38590812473,-144,-52,6,0,79,0.009999999999126707
1544,2519,17152.974174791394,17157.483908124726,17155.27617479139,17155.88617479139,-144,-52,6,0,90,0.009733333332405891
1545,2520,17171.173774791394,17174.91374145806,17172.730774791395,17173.380774791392,-144,-52,5,0,74,0.03996666666425863
1546,2521,17175.858908124726,17179.818874791392,17177.680908124727,17178.210908124725,-144,-52,6,0,79,0.009966666665422785
1547,2523,17185.858908124726,17190.039574791394,17187.685908124724,17188.290908124727,-136,-23,27,1,83,0.030666666667093168
1548,2525,17195.813908124725,17199.14887479139,17197.085908124725,17197.560908124724,-9,110,21,2,66,0.034966666665422697
1549,2526,17199.923908124725,17203.728908124725,17201.640908124726,17202.130908124724,-9,110,21,1,76,0.005000000000290772
1550,2527,17204.488908124724,17208.72887479139,17206.690908124725,17207.155908124725,-9,110,21,1,84,0.03996666666789661
1551,2528,17209.453774791393,17213.16374145806,17210.985774791392,17211.64077479139,-13,111,11,0,74,0.009966666665422785
1552,2529,17224.473908124724,17228.69884145806,17226.44090812473,17227.110908124727,-13,111,12,0,84,0.024933333334774765
1553,2530,17232.309108124726,17236.33884145806,17234.116108124726,17234.746108124724,-13,111,12,0,80,0.02973333333284245
1554,2531,17237.033874791392,17240.69884145806,17238.49587479139,17239.125874791393,-144,-52,6,0,73,0.014966666667168838
1555,2532,17241.55374145806,17246.12374145806,17243.89074145806,17244.58574145806,-144,-52,5,0,91,0.01999999999970914
1556,2533,17249.50897479139,17253.328708124725,17251.280974791393,17251.78597479139,-144,-52,5,0,76,0.019733333333715297
1557,2534,17254.158774791395,17257.428708124724,17255.40577479139,17255.900774791393,-144,-52,5,0,65,0.019933333329390734
1558,2536,17262.543874791394,17266.678874791392,17264.600874791395,17265.11087479139,-9,110,21,0,82,0.034999999998398756
1559,2538,17287.043841458057,17290.96384145806,17288.88584145806,17289.37584145806,-9,110,21,0,78,0.020000000001891394
1560,2539,17291.74884145806,17295.55884145806,17293.51584145806,17293.98584145806,-9,110,21,0,76,0.010000000001309406
1561,2540,17299.333841458058,17303.58884145806,17301.45584145806,17302.02084145806,-9,110,21,0,85,0.005000000001018634
1562,2541,17304.273708124725,17308.588708124727,17306.595708124725,17307.045708124726,-9,110,20,0,86,0.015000000002328484
1563,2542,17312.288708124725,17316.303708124724,17314.245708124727,17314.775708124725,-9,110,20,0,80,0.014999999999417923
1564,2546,17339.27404145806,17343.03884145806,17340.94604145806,17341.41604145806,-9,110,21,2,75,0.01480000000083237
1565,2547,17345.479041458057,17349.888808124728,17347.801041458057,17348.29604145806,-9,110,21,0,88,0.009766666671202628
1566,2548,17350.798674791393,17354.58864145806,17352.600674791393,17353.040674791395,114,91,2,0,75,0.03996666666716919
1567,2549,17361.45367479139,17365.65364145806,17363.66067479139,17364.14567479139,114,91,2,0,83,0.04996666666702332
1568,2550,17366.558774791392,17370.698741458058,17368.55577479139,17369.110774791392,114,91,3,0,82,0.03996666666571347
1569,2551,17371.848808124727,17375.854408124724,17373.520808124726,17374.070808124725,-115,-100,18,0,80,0.005599999996775296
1570,2552,17377.983908124726,17382.00927479139,17379.900908124728,17380.380908124727,-115,-100,17,0,80,0.025366666664922377
1571,2553,17382.938774791393,17386.93437479139,17384.68077479139,17385.190774791394,-115,-100,18,0,79,0.04559999999837583
1572,2554,17390.409008124727,17394.769408124725,17392.491008124725,17393.016008124723,-115,-100,18,0,87,0.010399999997752651
1573,2555,17397.694008124727,17402.479408124724,17400.246008124726,17400.726008124726,-115,-100,18,0,95,0.03539999999702559
1574,2556,17403.383774791393,17408.104408124724,17405.850774791394,17406.365774791393,-115,-100,18,2,94,0.02063333333062456
1575,2557,17410.068974791393,17414.37937479139,17412.07597479139,17412.63097479139,-115,-100,18,0,86,0.010399999998480958
1576,2558,17415.193674791393,17419.274274791394,17417.14567479139,17417.640674791393,-115,-100,17,0,81,0.030600000001141048
1577,2568,17674.21347479139,17677.858474791392,17675.67547479139,17676.29547479139,-13,111,11,0,72,0.04500000000043647
1578,2569,17678.773608124728,17682.808608124724,17680.58060812473,17681.240608124725,-13,111,12,0,80,0.0349999999962165
1579,2570,17686.01884145806,17690.183574791394,17687.91584145806,17688.62084145806,-13,111,12,0,83,0.014733333334879362
1580,2571,17691.343474791393,17695.213441458058,17693.19547479139,17693.69547479139,114,91,2,0,77,0.019966666665277355
1581,2572,17717.96844145806,17721.68844145806,17719.69544145806,17720.17044145806,114,91,2,0,74,0.020000000001163976
1582,2575,17736.27857479139,17739.92357479139,17737.770574791393,17738.32057479139,-13,111,12,0,72,0.04500000000043647
1583,2578,17754.56354145806,17757.998574791392,17755.86054145806,17756.39054145806,-9,110,21,0,68,0.03503333333137526
1584,2580,17790.06854145806,17794.013541458058,17791.895541458056,17792.41554145806,136,87,15,0,78,0.044999999999708606
1585,2581,17794.91354145806,17798.62354145806,17796.56054145806,17797.050541458062,-9,110,21,0,74,0.009999999999126707
1586,2582,17803.70864145806,17807.813408124726,17805.75564145806,17806.275641458058,-9,110,20,0,82,0.004766666667273434
1587,2583,17808.723541458057,17812.24357479139,17810.05054145806,17810.59054145806,121,-76,24,0,70,0.02003333333414048
1588,2584,17813.128508124726,17816.93414145806,17814.615508124727,17815.180508124726,-136,-23,27,0,76,0.005633333333389334
1589,2585,17817.823408124725,17822.109008124724,17819.800408124727,17820.380408124725,-136,-23,26,1,85,0.03559999999924912
1590,2586,17824.438774791393,17828.748508124725,17826.57077479139,17827.155774791394,-144,-52,6,0,86,0.009733333331678473
1591,2587,17829.88354145806,17833.628474791392,17831.505541458057,17832.03554145806,-144,-52,6,0,74,0.044933333331573344
1592,2589,17906.113574791394,17909.858341458057,17907.630574791394,17908.35057479139,-13,111,11,1,74,0.044766666663053734
1593,2590,17913.263574791392,17916.748974791393,17914.550574791392,17915.09557479139,-115,-100,17,1,69,0.035400000001390985
1594,2591,17917.51847479139,17921.934108124726,17919.635474791394,17920.17547479139,-115,-100,18,0,88,0.015633333333971322
1595,2592,17922.82844145806,17927.544074791393,17925.20544145806,17925.82044145806,-115,-100,18,0,94,0.015633333333243904
1596,2595,17940.45367479139,17944.60844145806,17942.530674791393,17943.010674791392,136,87,15,0,83,0.0047666666665460156
1597,2596,17947.88354145806,17951.793308124725,17949.75054145806,17950.255541458057,136,87,14,0,78,0.00976666666392667
1598,2597,17954.988541458057,17958.698308124724,17956.67554145806,17957.16554145806,136,87,14,2,74,0.009766666666837232
1599,2598,17962.718341458058,17966.593308124728,17964.590341458057,17965.06534145806,136,87,14,0,77,0.024966666669933968
1600,2600,17982.00334145806,17986.053908124726,17983.81534145806,17984.33034145806,-136,-23,26,2,81,0.0005666666649633001
1601,2601,17986.938408124726,17990.73407479139,17988.300408124727,17988.945408124724,-136,-23,27,0,75,0.045666666665056255
1602,2602,17991.63344145806,17996.18404145806,17993.805441458062,17994.41544145806,-136,-23,27,2,91,0.0005999999986672222
1603,2603,18003.853508124725,18007.968908124727,18005.865508124727,18006.340508124726,-115,-100,17,0,82,0.015400000002409264
1604,2604,18008.798274791392,18012.263274791392,18010.245274791392,18010.715274791393,121,-76,23,0,69,0.015000000000145342
1605,2605,18018.143274791393,18022.34327479139,18020.210274791392,18020.780274791396,121,-76,23,2,84,-2.9105606813573104e-12
1606,2606,18023.183408124725,18026.873408124724,18024.765408124724,18025.235408124725,136,87,15,0,73,0.03999999999868997
1607,2607,18027.738274791394,18031.70324145806,18029.65027479139,18030.16527479139,136,87,14,0,79,0.01496666666644142
1608,2610,18057.17324145806,18060.933241458057,18058.89024145806,18059.365241458057,-144,-52,5,0,75,0.00999999999839929
1609,2611,18061.728408124727,18065.558408124725,18063.435408124726,18063.935408124726,-144,-52,6,1,76,0.029999999998107985
1610,2612,18066.30324145806,18070.108208124726,18068.07024145806,18068.57524145806,-144,-52,5,0,76,0.00496666666658685
1611,2613,18070.95824145806,18074.918241458057,18072.865241458057,18073.37024145806,-144,-52,5,0,79,0.009999999999126707
1612,2614,18075.813241458058,18079.358274791393,18077.340241458056,18077.830241458058,-9,110,20,0,70,0.04503333333559567
1613,2615,18080.188374791393,18084.233374791394,18082.150374791392,18082.64537479139,-9,110,21,0,80,0.04500000000189175
1614,2617,18093.293241458057,18096.858874791393,18094.61024145806,18095.16024145806,-136,-23,26,2,71,0.015633333335426602
1615,2618,18097.70834145806,18101.39337479139,18099.17534145806,18099.80034145806,121,-76,24,0,73,0.03503333333137526
1616,2619,18102.20824145806,18105.858641458057,18103.58524145806,18104.240241458057,125,-18,8,2,73,0.00039999999862594393
1617,2620,18108.698574791393,18113.138974791393,18110.870574791392,18111.38557479139,-115,-100,18,0,88,0.04039999999949906
1618,2621,18113.95334145806,18118.18397479139,18115.950341458058,18116.43534145806,-115,-100,18,0,84,0.030633333332661827
1619,2622,18118.983341458057,18122.748974791393,18120.445341458057,18121.000341458057,-115,-100,18,0,75,0.015633333336154465
1620,2623,18123.468208124727,18127.708841458058,18125.510208124724,18126.040208124727,-115,-100,17,0,84,0.04063333333106112
1621,2624,18128.643208124726,18132.76387479139,18130.650208124724,18131.105208124725,-115,-100,17,0,82,0.020666666665783318
1622,2625,18133.52337479139,18137.82897479139,18135.62037479139,18136.100374791393,-115,-100,18,0,86,0.005599999999685856
1623,2626,18138.623208124725,18142.313208124724,18140.210208124725,18140.780208124725,-13,111,11,0,73,0.03999999999868997
1624,2627,18143.23324145806,18146.653208124728,18144.620241458062,18145.07024145806,136,87,14,0,68,0.01996666666818747
1625,2628,18148.04334145806,18151.82834145806,18149.680341458057,18150.18534145806,-9,110,21,0,75,0.03499999999985448
1626,2629,18157.263574791392,18161.29334145806,18159.20557479139,18159.745574791392,-9,110,21,0,80,0.02976666666654637
1627,2630,18162.10334145806,18166.26334145806,18164.17034145806,18164.66034145806,-9,110,21,0,83,0.009999999999854126
1628,2631,18167.113341458058,18171.298308124726,18169.15034145806,18169.665341458058,-9,110,21,2,83,0.034966666667605395
1629,2632,18178.378308124724,18182.68834145806,18180.530308124726,18181.050308124726,-9,110,21,0,86,0.010033333335013772
1630,2633,18183.588308124727,18187.65334145806,18185.570308124727,18186.050308124726,-9,110,21,2,81,0.015033333332394427
1631,2645,18257.563408124726,18261.188808124723,18258.985408124725,18259.465408124728,-136,-23,26,0,72,0.02539999999717102
1632,2646,18262.083274791392,18266.398941458057,18263.98527479139,18264.605274791393,-136,-23,27,0,86,0.01566666666549299
1633,2647,18267.193274791392,18271.728908124725,18269.41527479139,18269.965274791393,-136,-23,27,1,90,0.03563333333295304
1634,2648,18272.72314145806,18277.013841458058,18274.79014145806,18275.28014145806,-136,-23,26,2,85,0.04069999999774154
1635,2652,18298.91324145806,18302.34327479139,18300.29024145806,18300.78524145806,-9,110,21,1,68,0.030033333330356626
1636,2653,18303.098241458058,18307.04824145806,18304.855241458055,18305.475241458058,-13,111,12,2,79,7.274181257344026e-13
1637,2654,18307.99824145806,18311.938241458058,18309.77524145806,18310.37024145806,-13,111,12,0,78,0.03999999999868997
1638,2656,18317.473308124725,18321.938208124724,18319.645308124724,18320.370308124726,-13,111,12,0,89,0.014899999999033575
1639,2663,18362.753108124725,18366.298708124727,18364.180108124725,18364.640108124724,-115,-100,17,0,70,0.04560000000128639
1640,2664,18367.053074791394,18371.09354145806,18369.000074791395,18369.455074791393,-115,-100,17,0,80,0.04046666666545207
1641,2665,18371.938074791393,18376.283574791392,18374.17507479139,18374.615074791393,-115,-100,17,0,86,0.045499999999447205
1642,2668,18415.08824145806,18418.71814145806,18416.58524145806,18417.09024145806,-144,-52,6,2,72,0.02989999999990678
1643,2670,18423.31327479139,18426.833074791393,18424.800274791392,18425.325274791394,125,-18,8,1,70,0.019800000001851004
1644,2671,18436.28307479139,18440.49847479139,18438.27007479139,18438.875074791395,125,-18,8,0,84,0.015400000000954428
1645,2672,18441.40817479139,18445.85814145806,18443.735174791393,18444.28017479139,125,-18,9,0,88,0.04996666666702332
1646,2674,18457.628041458058,18461.21844145806,18459.075041458058,18459.600041458056,125,-18,8,1,71,0.04040000000095434
1647,2675,18465.313174791394,18469.393741458058,18467.10517479139,18467.700174791393,125,-18,9,0,81,0.030566666663799147
1648,2676,18472.538408124725,18476.798674791393,18474.545408124723,18475.105408124724,125,-18,9,0,85,0.010266666668030666
1649,2677,18480.71304145806,18485.173441458057,18483.02004145806,18483.54504145806,125,-18,8,0,89,0.010399999996297815
1650,2678,18489.308174791393,18493.423708124727,18491.175174791395,18491.730174791395,125,-18,9,2,82,0.015533333333586974
1651,2679,18494.288008124728,18498.548441458057,18496.430008124727,18496.950008124724,125,-18,8,0,85,0.010433333329274319
1652,2680,18499.368008124726,18503.298408124727,18501.160008124723,18501.685008124725,125,-18,8,1,78,0.03040000000109977
1653,2681,18621.66834145806,18625.53304145806,18623.47534145806,18623.97534145806,114,91,3,1,77,0.014700000001903302
1654,2682,18626.33794145806,18630.57794145806,18628.559941458057,18629.074941458057,114,91,2,0,84,0.04000000000160053
1655,2683,18634.71307479139,18638.78304145806,18636.735074791395,18637.210074791394,114,91,3,0,81,0.019966666669643196
1656,2684,18639.47807479139,18643.53304145806,18641.43007479139,18641.96507479139,114,91,3,0,81,0.004966666670225273
1657,2685,18644.293074791392,18648.003041458058,18645.880074791392,18646.405074791393,114,91,3,0,74,0.009966666665422785
1658,2686,18659.468174791393,18663.612941458057,18661.580174791394,18662.080174791394,114,91,2,0,82,0.04476666666450857
1659,2687,18664.42294145806,18668.687908124724,18666.65494145806,18667.184941458057,114,91,2,0,85,0.014966666665714001
1660,2688,18672.283274791393,18676.078008124725,18674.035274791393,18674.495274791392,114,91,3,0,75,0.04473333333226037
1661,2689,18676.82307479139,18680.613074791392,18678.530074791393,18679.05007479139,-9,110,21,0,75,0.040000000000873115
1662,2703,18770.95787479139,18774.52284145806,18772.32987479139,18772.984874791393,-13,111,11,0,71,0.014966666668624118
1663,2704,18775.288008124728,18779.547974791392,18777.335008124726,18777.975008124726,-13,111,12,0,85,0.009966666664695367
1664,2705,18785.47804145806,18788.802974791393,18786.76004145806,18787.235041458058,114,91,3,0,66,0.024933333333319485
1665,2709,18803.747974791393,18807.263608124726,18804.909974791393,18805.46997479139,-136,-23,27,0,70,0.015633333332516486
1666,2710,18808.123008124727,18812.673708124727,18810.340008124727,18810.920008124725,-136,-23,27,0,91,0.0006999999997789885
1667,2712,18819.057941458057,18822.457974791392,18820.269941458057,18820.839941458056,121,-76,24,0,68,3.333333515875836e-05
1668,2713,18823.56787479139,18826.908441458057,18824.704874791394,18825.25487479139,-115,-100,17,0,66,0.04056666666583597
1669,2714,18829.678108124725,18833.768441458058,18831.575108124725,18832.120108124724,-115,-100,17,0,81,0.04033333333354694
1670,2715,18834.567974791393,18838.788574791393,18836.504974791394,18837.02497479139,-115,-100,18,0,84,0.020600000000558616
1671,2716,18958.91277479139,18963.14274145806,18961.039774791392,18961.55477479139,-144,-52,5,0,84,0.02996666666949732
1672,2717,18963.952774791393,18968.127741458058,18966.03477479139,18966.539774791392,-144,-52,5,0,83,0.024966666665568127
1673,2718,18968.917774791393,18972.89314145806,18970.789774791392,18971.274774791393,-144,-52,5,0,79,0.025366666665649795
1674,2719,18973.737874791394,18977.877874791393,18975.684874791394,18976.219874791394,-144,-52,6,0,82,0.03999999999941739
1675,2720,18978.737874791394,18982.47287479139,18980.244874791395,18980.899874791394,-13,111,12,1,74,0.03499999999694392
1676,2721,18983.45787479139,18987.612874791394,18985.41987479139,18986.00987479139,-13,111,12,0,83,0.00500000000247347
1677,2722,18991.57774145806,18995.64274145806,18993.54974145806,18994.13474145806,-13,111,11,0,81,0.015000000002328484
1678,2723,18996.60274145806,18999.882808124727,18997.89474145806,18998.35474145806,-9,110,20,0,65,0.03006666666624369
1679,2724,19003.03307479139,19006.362874791394,19004.23007479139,19004.80007479139,-13,111,12,0,66,0.02980000000316041
1680,2725,19009.623074791394,19013.287874791393,19011.150074791392,19011.710074791394,-13,111,12,0,73,0.014799999998649227
1681,2726,19014.162874791393,19018.09787479139,19015.964874791393,19016.534874791392,-13,111,12,0,78,0.03499999999767134
1682,2727,19018.83274145806,19022.75337479139,19020.434741458062,19021.03474145806,-136,-23,26,0,78,0.020633333331351977
1683,2728,19023.58274145806,19027.53337479139,19025.28474145806,19025.84474145806,-136,-23,26,0,79,0.0006333333301880018
1684,2730,19035.418074791392,19039.763608124726,19037.455074791393,19037.990074791393,-136,-23,27,0,86,0.04553333333315113
1685,2731,19040.55774145806,19044.828408124726,19042.404741458056,19043.044741458056,-136,-23,26,0,85,0.020666666667239042
1686,2732,19045.72774145806,19050.068374791394,19047.76474145806,19048.359741458058,-136,-23,26,0,86,0.04063333333324426
1687,2741,19094.13794145806,19097.642674791394,19095.629941458057,19096.089941458056,136,87,14,1,70,0.004733333335025236
1688,2742,19098.49784145806,19102.442808124724,19100.404841458057,19100.859841458056,136,87,15,0,78,0.044966666666004684
1689,2744,19117.27267479139,19120.877708124724,19118.799674791393,19119.329674791392,121,-76,23,0,72,0.005033333333267276
1690,2745,19121.732808124725,19125.067774791394,19122.994808124728,19123.489808124723,-144,-52,6,0,66,0.034966666669060675
1691,2746,19125.96767479139,19130.267674791394,19128.144674791394,19128.684674791395,-144,-52,5,1,86,2.9105606813573104e-12
1692,2748,19175.66804145806,19180.252774791392,19178.13004145806,19178.62004145806,121,-76,24,0,91,0.034733333333133665
1693,2749,19181.152774791393,19185.487774791392,19183.329774791393,19183.884774791393,121,-76,24,0,86,0.03499999999912706
1694,2750,19186.292774791393,19190.517808124725,19188.389774791394,19188.89477479139,121,-76,24,2,84,0.025033333332248553
1695,2751,19191.432641458057,19194.612608124728,19192.63464145806,19193.089641458057,114,91,2,0,63,0.02996666667022474
1696,2752,19195.797674791393,19199.542608124728,19197.604674791393,19198.02467479139,114,91,2,0,74,0.04493333333521132
1697,2753,19206.98784145806,19210.817608124726,19208.83484145806,19209.27984145806,114,91,2,1,76,0.02976666666581851
1698,2754,19216.207974791392,19220.70844145806,19218.264974791393,19218.94497479139,-136,-23,27,0,90,0.0004666666682169307
1699,2755,19221.582608124725,19226.26824145806,19223.939608124725,19224.534608124726,-136,-23,26,0,93,0.03563333333440788
1700,2757,19241.547608124725,19245.242608124725,19243.279608124725,19243.714608124727,114,91,2,0,73,0.044999999999708606
1701,2758,19253.01274145806,19257.082708124726,19254.96974145806,19255.484741458058,-144,-52,6,2,81,0.019966666666005217
1702,2759,19260.28784145806,19264.772608124724,19262.65984145806,19263.22484145806,121,-76,23,0,89,0.034766666664654444
1703,2760,19265.817741458057,19269.832774791394,19267.724741458056,19268.224741458056,121,-76,24,0,80,0.015033333336759824
1704,2763,19284.492608124725,19287.897574791394,19285.864608124724,19286.359608124723,-144,-52,5,0,68,0.004966666668769548
1705,2764,19288.962608124726,19292.502574791393,19290.479608124726,19290.939608124725,136,87,14,0,70,0.03996666666716919
1706,2765,19300.312941458058,19304.692674791393,19302.544941458058,19303.10994145806,-144,-52,6,2,87,0.029733333335024703
1707,2766,19310.022808124726,19313.598008124725,19311.459808124724,19312.009808124727,125,-18,8,0,71,0.025199999999312883
1708,2767,19314.577574791394,19318.752974791394,19316.54457479139,19317.139574791392,125,-18,8,0,83,0.025400000000081135
1709,2768,19319.787708124724,19324.00824145806,19321.829708124722,19322.344708124725,125,-18,9,0,84,0.02053333333678875
1710,2769,19327.19784145806,19331.41254145806,19329.28984145806,19329.87984145806,125,-18,8,2,84,0.014700000000448021
1711,2770,19355.61254145806,19359.788174791393,19357.47454145806,19358.09954145806,-136,-23,26,0,83,0.02563333333237061
1712,2771,19360.692674791393,19364.773308124728,19362.369674791393,19362.979674791393,-136,-23,27,0,81,0.03063333333484497
1713,2772,19365.59254145806,19370.133174791394,19367.80454145806,19368.41454145806,-136,-23,26,0,90,0.04063333333397168
1714,2773,19380.952908124724,19385.383308124725,19382.97490812473,19383.624908124726,-136,-23,27,0,88,0.03040000000109977
1715,2774,19386.35764145806,19390.818308124726,19388.434641458058,19389.05464145806,-136,-23,27,0,89,0.010666666665929192
1716,2775,19391.682574791394,19395.863174791393,19393.574574791393,19394.139574791392,-136,-23,26,0,83,0.030599999999685323
1717,2776,19396.66254145806,19400.723208124728,19398.40954145806,19398.994541458058,-136,-23,26,0,81,0.010666666668112335
1718,2777,19411.54254145806,19415.20817479139,19412.93454145806,19413.494541458058,-136,-23,26,0,73,0.015633333330333343
1719,2778,19416.122508124725,19420.20814145806,19417.859508124726,19418.489508124723,-136,-23,26,0,81,0.035633333335863604
1720,2779,19429.95274145806,19434.368141458057,19432.014741458057,19432.654741458056,-136,-23,26,0,88,0.015399999998043867
1721,2780,19435.272508124726,19438.527508124724,19436.53450812473,19436.989508124727,114,91,2,1,65,0.004999999997380655
1722,2781,19439.557641458057,19443.857608124727,19441.80464145806,19442.31464145806,114,91,3,0,85,0.04996666666920646
1723,2782,19444.882541458057,19448.74247479139,19446.704541458057,19447.22454145806,114,91,2,0,77,0.009933333333174144
1724,2783,19452.82277479139,19456.542508124727,19454.44477479139,19455.00977479139,125,-18,8,0,74,0.019733333335170578
1725,2784,19457.65264145806,19461.65264145806,19459.55464145806,19460.04464145806,-9,110,21,0,80,0.0
1726,2785,19462.492508124727,19466.287508124726,19464.154508124724,19464.749508124725,-9,110,20,0,75,0.04499999999825377
1727,2786,19467.197608124727,19471.45764145806,19469.354608124726,19469.874608124726,-9,110,21,2,85,0.010033333332103211
1728,2787,19472.24264145806,19475.898174791393,19473.659641458056,19474.17464145806,-115,-100,18,0,73,0.005533333334460266
1729,2788,19476.81764145806,19481.08317479139,19478.75964145806,19479.34964145806,-115,-100,18,0,85,0.01553333333140472
1730,2789,19481.987641458058,19486.303208124726,19483.97464145806,19484.55464145806,-115,-100,18,0,86,0.015566666668019202
1731,2790,19487.192608124726,19491.773174791393,19489.529608124725,19490.039608124724,-115,-100,18,2,91,0.030566666667437126
1732,2792,19497.732608124727,19502.05324145806,19499.819608124726,19500.329608124724,-115,-100,18,0,86,0.020633333332807702
1733,2793,19502.962608124726,19507.118241458058,19504.759608124725,19505.359608124727,-136,-23,27,0,83,0.005633333331934054
1734,2794,19584.54744145806,19588.99244145806,19586.93944145806,19587.46444145806,114,91,2,1,88,0.044999999999708606
1735,2795,19597.692574791392,19601.427574791393,19599.43957479139,19599.88457479139,114,91,3,0,74,0.0350000000005819
1736,2796,19602.37744145806,19606.462408124724,19604.474441458056,19604.95444145806,114,91,2,0,81,0.03496666666542314
1737,2797,19607.45254145806,19611.457541458058,19609.33454145806,19609.89454145806,114,91,3,0,80,0.004999999997380655
1738,2811,19706.952408124725,19710.698008124724,19708.569408124727,19709.054408124728,-115,-100,17,2,74,0.04559999999837583
1739,2812,19711.50237479139,19715.977808124728,19713.77937479139,19714.32437479139,-115,-100,17,0,89,0.025433333336695618
1740,2813,19716.837374791394,19720.477374791393,19718.409374791394,19718.964374791394,-13,111,11,0,72,0.039999999999417835
1741,2814,19721.492408124726,19725.42737479139,19723.304408124728,19723.899408124726,-13,111,11,0,78,0.034966666663967416
1742,2815,19726.417508124727,19730.882474791393,19728.754508124726,19729.309508124727,-13,111,12,0,89,0.01496666666644142
1743,2816,19733.777608124725,19738.087374791394,19735.964608124727,19736.559608124724,-13,111,11,0,86,0.009766666669020374
1744,2817,19738.972408124726,19743.14737479139,19740.999408124728,19741.619408124727,-13,111,11,0,83,0.024966666665568127
1745,2818,19744.057508124726,19748.36747479139,19746.154508124724,19746.774508124727,-13,111,12,0,86,0.009966666663967949
1746,2819,19757.042508124727,19761.277508124724,19759.134508124727,19759.679508124726,-13,111,12,2,84,0.03499999999694392
1747,2820,19764.64274145806,19768.007508124727,19765.93474145806,19766.429741458058,121,-76,24,2,67,0.014766666665673167
1748,2821,19769.00237479139,19773.16237479139,19771.12937479139,19771.604374791394,121,-76,23,1,83,0.009999999999854126
1749,2822,19779.887474791394,19783.822474791392,19781.594474791393,19782.24947479139,-9,110,21,0,78,0.03499999999767134
1750,2823,19784.737474791393,19789.012508124724,19786.934474791393,19787.43947479139,-9,110,21,0,85,0.025033333331521135
1751,2824,19789.93237479139,19793.507374791392,19791.489374791392,19791.96437479139,-9,110,20,0,71,0.02500000000072733
1752,2825,19797.887374791393,19801.30737479139,19799.244374791393,19799.799374791393,-13,111,11,0,68,0.019999999998253415
1753,2826,19802.22244145806,19806.072474791392,19803.84444145806,19804.50444145806,-13,111,12,0,77,3.333333224864177e-05
1754,2827,19807.04234145806,19810.83734145806,19808.719341458058,19809.29434145806,-13,111,11,1,75,0.04500000000189175
1755,2828,19814.04757479139,19818.272341458058,19816.07457479139,19816.74457479139,-13,111,11,1,84,0.024766666666255155
1756,2829,19824.24244145806,19828.053074791394,19825.79444145806,19826.32944145806,-115,-100,18,0,76,0.010633333334407968
1757,2831,19834.012441458057,19838.41307479139,19836.18444145806,19836.67444145806,-115,-100,18,0,88,0.0006333333345533987
1758,2832,19839.232441458058,19842.93244145806,19840.694441458058,19841.36944145806,-13,111,12,0,74,7.274181257344026e-13
1759,2833,19846.092608124723,19850.092308124724,19847.999608124723,19848.524608124724,-144,-52,5,1,79,0.0497000000003025
1760,2834,19855.727308124726,19859.617974791392,19857.359308124724,19857.894308124727,-136,-23,26,0,77,0.04066666666622032
1761,2835,19860.56734145806,19864.89794145806,19862.56434145806,19863.144341458057,-136,-23,26,0,86,0.030600000001141048
1762,2836,19865.772308124724,19870.21294145806,19867.859308124724,19868.514308124726,-136,-23,26,0,88,0.040633333335426514
1763,2837,19873.207674791392,19877.493074791393,19875.11467479139,19875.71967479139,-136,-23,27,0,85,0.03540000000066357
1764,2838,19878.362308124728,19882.83304145806,19880.484308124724,19881.089308124727,-136,-23,26,0,89,0.020733333331736326
1765,2839,19883.807308124728,19888.273008124725,19886.014308124726,19886.559308124728,-136,-23,26,0,89,0.01569999999701377
1766,2840,19901.302308124727,19904.692274791392,19902.714308124727,19903.174308124726,114,91,2,2,67,0.03996666666571391
1767,2842,19910.702308124724,19914.272274791394,19912.244308124726,19912.729308124726,-144,-52,5,0,71,0.019966666669642752
1768,2843,19915.197308124727,19919.212274791393,19917.019308124727,19917.629308124728,-144,-52,5,0,80,0.014966666665714001
1769,2847,19938.342308124724,19942.022274791394,19939.934308124728,19940.499308124723,-144,-52,5,0,73,0.02996666667022474
1770,2848,19942.93227479139,19946.99227479139,19944.914274791394,19945.43427479139,-144,-52,5,0,81,0.01000000000130985
1771,2849,19948.087274791393,19952.527241458058,19950.454274791395,19950.994274791392,-144,-52,5,0,88,0.03996666666498605
1772,2850,19953.502274791394,19957.382241458057,19955.274274791394,19955.844274791394,-144,-52,5,0,77,0.029966666663676644
1773,2851,19963.807508124726,19967.94724145806,19965.884508124727,19966.419508124724,-144,-52,5,2,82,0.03973333333342399
1774,2852,19968.947408124724,19972.52237479139,19970.389408124724,19970.894408124725,-144,-52,6,0,71,0.024966666667023407
1775,2853,19973.472308124725,19977.82224145806,19975.789308124724,19976.269308124727,-144,-52,5,0,86,0.04993333333477512
1776,2854,19978.84727479139,19983.18224145806,19981.01927479139,19981.64427479139,-144,-52,5,1,86,0.03496666666906112
1777,2855,19984.122408124727,19987.83774145806,19985.584408124727,19986.109408124725,125,-18,9,2,74,0.015333333333546584
1778,2856,19999.27237479139,20003.617374791393,20001.329374791392,20002.024374791392,-13,111,12,0,86,0.04500000000116433
1779,2857,20004.622408124727,20008.52237479139,20006.354408124724,20006.924408124723,121,-76,24,0,77,0.0499666666641132
1780,2858,20009.382241458057,20013.24227479139,20011.17424145806,20011.70924145806,121,-76,23,0,77,0.01003333333428591
1781,2865,20048.79747479139,20052.46224145806,20050.404474791394,20050.919474791393,-9,110,20,0,73,0.014766666668583284
1782,2867,20096.062208124727,20100.727841458058,20098.259208124728,20099.034208124725,-136,-23,26,0,93,0.015633333330333343
1783,2868,20109.66744145806,20113.46217479139,20111.34444145806,20111.87944145806,-144,-52,5,0,75,0.04473333333226037
1784,2873,20137.922308124726,20141.91784145806,20139.564308124725,20140.159308124727,-115,-100,18,0,79,0.04553333333460596
1785,2879,20171.67717479139,20174.927141458058,20172.864174791393,20173.36917479139,114,91,2,0,64,0.0499666666662959
1786,2880,20179.31217479139,20183.002774791392,20180.809174791393,20181.31917479139,-115,-100,17,0,73,0.04060000000172259
1787,2881,20190.79214145806,20194.91714145806,20192.77414145806,20193.37914145806,-144,-52,5,1,82,0.024999999999999467
1788,2882,20195.902174791394,20199.77714145806,20197.68917479139,20198.22917479139,-144,-52,5,0,77,0.02496666666629599
1789,2883,20203.277508124724,20207.44724145806,20205.239508124723,20205.874508124725,-144,-52,6,0,83,0.019733333335897996
1790,2884,20210.84714145806,20214.432774791392,20212.17914145806,20212.73414145806,-136,-23,26,0,71,0.03563333333222518
1791,2887,20225.832241458058,20229.652808124727,20227.374241458056,20227.929241458056,-115,-100,18,0,76,0.020566666669037392
1792,2888,20230.567141458057,20234.247141458058,20232.11914145806,20232.67414145806,-144,-52,5,0,73,0.030000000000290683
1793,2889,20235.252174791392,20239.247108124728,20237.18917479139,20237.699174791393,-144,-52,5,0,79,0.04493333333521132
1794,2890,20240.46724145806,20244.372874791392,20242.08924145806,20242.60924145806,-115,-100,18,0,78,0.005633333331934054
1795,2891,20247.737474791393,20251.97787479139,20249.74447479139,20250.22947479139,-115,-100,18,0,84,0.04039999999877164
1796,2893,20266.712374791394,20271.277108124727,20269.06937479139,20269.714374791394,-144,-52,5,0,91,0.014733333332697107
1797,2894,20272.212108124724,20276.307108124725,20274.274108124726,20274.784108124724,-144,-52,5,1,81,0.04500000000116433
1798,2895,20277.307108124725,20281.852074791394,20279.709108124727,20280.319108124728,-144,-52,5,0,90,0.04496666666818783
1799,2896,20282.85224145806,20286.26224145806,20284.14424145806,20284.704241458057,-9,110,21,0,68,0.009999999999854126
1800,2897,20287.29224145806,20291.29224145806,20289.204241458057,20289.70924145806,-9,110,21,0,80,0.0
1801,2898,20298.652474791394,20302.85224145806,20300.799474791394,20301.279474791394,-9,110,21,0,83,0.049766666664799786
1802,2899,20305.10234145806,20308.712408124724,20306.65934145806,20307.199341458057,125,-18,8,0,72,0.010066666664351853
1803,2900,20309.827208124727,20314.402208124724,20312.269208124726,20312.79920812473,125,-18,9,0,91,0.024999999997089795
1804,2901,20315.507108124726,20319.587108124724,20317.469108124726,20318.064108124727,125,-18,8,0,81,0.02999999999810843
1805,2902,20320.757074791392,20324.55774145806,20322.31907479139,20322.844074791392,-136,-23,26,0,76,0.0006666666660746223
1806,2904,20330.41224145806,20334.417208124727,20332.37424145806,20332.829241458057,136,87,15,1,80,0.004966666667314712
1807,2905,20337.95734145806,20341.87207479139,20339.81434145806,20340.33434145806,136,87,14,0,78,0.014733333331241383
1808,2906,20349.807474791392,20353.822208124726,20351.61947479139,20352.24447479139,-13,111,12,2,80,0.014733333333424525
1809,2908,20377.70744145806,20381.917208124727,20379.74444145806,20380.324441458062,121,-76,24,0,84,0.009766666666837232
1810,2909,20382.88704145806,20386.822708124724,20384.56904145806,20385.094041458062,-136,-23,26,2,78,0.03566666666447382
1811,2910,20388.642408124724,20393.097708124726,20390.784408124724,20391.41440812473,125,-18,9,0,89,0.005300000001443372
1812,2911,20394.022208124727,20397.622141458058,20395.434208124727,20396.039208124726,-144,-52,6,0,71,0.0499333333311367
1813,2912,20398.582208124724,20402.09274145806,20399.784208124725,20400.339208124726,-115,-100,18,1,70,0.010533333334024064
1814,2913,20402.962074791394,20407.637508124724,20405.37407479139,20405.964074791395,-115,-100,17,0,93,0.02543333333014708
1815,2914,20408.62707479139,20412.572674791394,20410.439074791393,20410.934074791392,-115,-100,17,0,78,0.045600000002741226
1816,2915,20418.142408124724,20422.307708124725,20420.079408124726,20420.564408124726,-115,-100,18,1,83,0.01530000000057008
1817,2916,20423.112174791393,20427.822808124725,20425.504174791393,20425.999174791395,-115,-100,18,0,94,0.01063333333222527
1818,2917,20428.61704145806,20433.027674791392,20430.89904145806,20431.409041458057,-115,-100,17,0,88,0.010633333332952688
1819,2918,20434.592041458058,20438.60767479139,20436.424041458056,20436.964041458057,-115,-100,17,0,80,0.015633333332516486
1820,2919,20440.652408124726,20444.747708124727,20442.534408124724,20443.004408124725,-115,-100,18,0,81,0.04530000000086165
1821,2920,20445.627174791392,20449.672808124727,20447.44417479139,20447.93917479139,-115,-100,18,0,80,0.04563333333499031
1822,2921,20450.54704145806,20454.54267479139,20452.41404145806,20452.91404145806,-115,-100,17,0,79,0.04563333333207975
1823,2922,20455.54704145806,20459.402674791392,20457.254041458058,20457.754041458058,-115,-100,17,0,77,0.005633333332661916
1824,2923,20462.127274791394,20466.62264145806,20464.314274791395,20464.969274791394,-115,-100,17,0,89,0.04536666666608635
1825,2924,20467.59214145806,20470.982174791392,20468.80414145806,20469.38414145806,121,-76,24,0,67,0.04003333333312176
1826,2925,20472.07214145806,20475.432108124725,20473.32914145806,20473.854141458058,125,-18,9,0,67,0.009966666666878066
1827,2926,20476.722174791394,20480.71767479139,20478.53417479139,20479.044174791394,125,-18,9,0,79,0.04549999999726406
1828,2927,20481.782008124726,20485.557008124728,20483.509008124725,20484.039008124724,125,-18,8,0,75,0.02500000000145519
1829,2928,20486.61704145806,20490.482441458058,20488.31904145806,20488.86904145806,125,-18,8,2,77,0.01539999999877173
1830,2929,20491.637008124726,20495.951974791395,20493.869008124726,20494.424008124726,125,-18,8,1,86,0.014966666668624562
1831,2930,20497.592008124724,20501.152008124725,20499.104008124727,20499.624008124723,125,-18,8,0,71,0.010000000001309406
1832,2931,20502.237108124726,20506.717108124725,20504.534108124724,20505.139108124727,125,-18,9,0,89,0.029999999999563265
1833,2932,20510.35737479139,20514.10274145806,20511.84437479139,20512.35937479139,-115,-100,18,0,74,0.04536666666972433
1834,2933,20514.932008124728,20519.04244145806,20516.869008124726,20517.409008124727,-115,-100,17,0,82,0.010433333331456573
1835,2934,20521.352374791393,20526.04267479139,20523.73437479139,20524.274374791392,-115,-100,18,0,93,0.04029999999838729
1836,2935,20530.212008124727,20534.80744145806,20532.594008124724,20533.174008124726,-115,-100,17,0,91,0.04543333333203936
1837,2936,20539.567141458057,20543.997741458057,20541.70414145806,20542.24414145806,-115,-100,18,0,88,0.030599999999685323
1838,2937,20544.952108124726,20549.01274145806,20546.764108124727,20547.269108124725,-115,-100,18,0,81,0.010633333334408412
1839,2938,20549.897008124724,20554.042608124728,20551.899008124725,20552.384008124725,-115,-100,17,0,82,0.045600000003468644
1840,2939,20561.117241458058,20564.872608124726,20562.62924145806,20563.15924145806,-136,-23,26,0,75,0.0053666666681237984
1841,2940,20569.351974791392,20573.762674791393,20571.39397479139,20572.038974791394,-136,-23,26,0,88,0.010700000000360532
1842,2941,20574.732108124725,20579.312708124726,20576.939108124723,20577.544108124726,-136,-23,27,0,91,0.030600000001141048
1843,2942,20580.307108124725,20584.557708124725,20582.149108124726,20582.794108124726,-136,-23,27,0,85,0.0005999999993946403
1844,2943,20585.617074791393,20590.092774791392,20587.67907479139,20588.31907479139,-136,-23,27,0,89,0.025699999999051037
1845,2944,20594.211974791393,20597.99694145806,20595.84897479139,20596.458974791392,-144,-52,5,0,75,0.03496666666615056
1846,2945,20599.007074791392,20603.452108124726,20601.174074791394,20601.854074791394,-144,-52,6,1,88,0.04503333333341253
1847,2946,20604.532108124724,20608.517108124724,20606.354108124724,20606.949108124725,-13,111,12,2,79,0.0350000000005819
1848,2947,20609.451941458057,20613.52757479139,20611.37394145806,20611.88894145806,136,87,14,0,81,0.025633333333826336
1849,2948,20616.867208124728,20620.417641458058,20618.194208124725,20618.719208124727,-136,-23,26,0,71,0.00043333333014716757
1850,2949,20621.432108124725,20625.512774791394,20623.114108124726,20623.739108124726,-136,-23,27,0,81,0.030666666668548892
1851,2950,20626.47694145806,20630.657574791392,20628.32394145806,20628.93894145806,-136,-23,26,0,83,0.030633333333389245
1852,2961,20714.056908124727,20717.98694145806,20715.773908124727,20716.458908124725,-13,111,11,0,78,0.030033333333994605
1853,2962,20718.97704145806,20723.01204145806,20720.72404145806,20721.449041458058,-13,111,12,0,80,0.03499999999985448
1854,2963,20724.106908124726,20727.651908124724,20725.508908124728,20726.123908124726,-13,111,11,2,70,0.04499999999825377
1855,2964,20728.666908124724,20732.731908124726,20730.543908124724,20731.208908124725,-13,111,11,0,81,0.015000000002328484
1856,2965,20733.66204145806,20737.70704145806,20735.48904145806,20736.10904145806,-13,111,12,0,80,0.04499999999825377
1857,2966,20741.23214145806,20745.311908124728,20743.159141458058,20743.809141458056,-13,111,11,1,81,0.02976666666945693
1858,2967,20748.19714145806,20751.686908124728,20749.534141458058,20750.12914145806,121,-76,23,0,69,0.03976666666931106
1859,2968,20752.607008124724,20756.87204145806,20754.724008124726,20755.254008124728,121,-76,24,0,85,0.015033333336759824
1860,2969,20757.882008124725,20761.56264145806,20759.234008124724,20759.799008124726,-136,-23,27,2,73,0.030633333333389245
1861,2970,20770.10707479139,20773.737008124725,20771.53907479139,20772.174074791394,-13,111,12,0,72,0.0299333333336107
1862,2971,20774.67187479139,20778.591874791393,20776.45387479139,20777.07887479139,-13,111,11,2,78,0.020000000001891394
1863,2972,20779.56197479139,20783.902008124725,20781.708974791392,20782.313974791392,-13,111,12,0,86,0.04003333333384962
1864,2973,20790.81724145806,20794.777008124725,20792.57424145806,20793.20924145806,-13,111,12,0,79,0.009766666666837232
1865,2974,20798.896974791394,20803.201974791395,20801.028974791392,20801.623974791393,-13,111,12,0,86,0.005000000000291216
1866,2975,20804.151874791394,20808.636841458057,20806.443874791392,20807.098874791394,-13,111,11,0,89,0.03496666666324
1867,2976,20813.987008124725,20817.46254145806,20815.179008124724,20815.724008124722,-115,-100,18,1,69,0.025533333334169406
1868,2977,20818.38687479139,20821.82684145806,20819.75887479139,20820.30387479139,114,91,2,0,68,0.03996666666862403
1869,2978,20825.132108124726,20829.156841458058,20827.094108124726,20827.634108124726,114,91,2,2,80,0.024733333331823815
1870,2979,20830.231874791392,20834.34184145806,20832.358874791393,20832.82887479139,114,91,2,0,82,0.009966666666877622
1871,2980,20847.487008124725,20851.357574791393,20849.009008124725,20849.599008124722,-115,-100,18,1,77,0.020566666668309974
1872,2981,20854.167208124727,20858.657574791392,20856.349208124728,20856.904208124724,-115,-100,18,0,89,0.04036666666506772
1873,2982,20863.137208124725,20866.512008124726,20864.364208124724,20864.889208124725,121,-76,24,0,67,0.024800000001414357
1874,2983,20867.56694145806,20870.98194145806,20868.93894145806,20869.428941458056,114,91,3,0,68,0.01500000000087276
1875,2984,20871.97684145806,20875.846808124727,20873.87384145806,20874.333841458058,114,91,2,0,77,0.019966666665277355
1876,2985,20876.746841458058,20880.93684145806,20878.878841458056,20879.41384145806,114,91,2,0,83,0.04000000000232795
1877,2986,20881.96684145806,20885.746808124728,20883.80384145806,20884.23884145806,114,91,2,0,75,0.029966666668769903
1878,2988,20894.03707479139,20897.931808124726,20895.88907479139,20896.40907479139,114,91,2,0,77,0.04473333333444307
1879,2989,20909.092174791393,20913.311908124728,20911.18917479139,20911.734174791392,114,91,3,0,84,0.019733333335170578
1880,2991,20925.10194145806,20928.626908124726,20926.55894145806,20927.03394145806,114,91,3,0,70,0.02496666666775127
1881,2993,20934.781808124724,20938.736774791392,20936.738808124726,20937.208808124728,114,91,2,0,79,0.00496666666804213
1882,2994,20943.29194145806,20947.296908124725,20945.27894145806,20945.74394145806,114,91,3,0,80,0.004966666663676733
1883,2995,20948.32194145806,20952.421908124725,20950.37394145806,20950.83894145806,114,91,3,0,81,0.049966666664841064
1884,3001,20981.681774791392,20985.436774791393,20983.253774791392,20983.92877479139,121,-76,23,0,75,0.005000000001018634
1885,3002,20986.351774791394,20990.476808124724,20988.353774791394,20988.898774791392,121,-76,23,0,82,0.02503333333006541
1886,3004,21031.04674145806,21034.58174145806,21032.31874145806,21033.05374145806,125,-18,8,0,70,0.03499999999985448
1887,3005,21035.61687479139,21039.96684145806,21037.858874791393,21038.388874791395,125,-18,9,0,86,0.04996666666847904
1888,3006,21040.961908124726,21044.951874791393,21042.828908124728,21043.363908124724,125,-18,9,0,79,0.03996666666789661
1889,3007,21045.966741458058,21050.20174145806,21048.01374145806,21048.66374145806,125,-18,8,2,84,0.0350000000005819
1890,3008,21051.27674145806,21055.517174791392,21053.31374145806,21053.908741458057,125,-18,8,0,84,0.04043333333247556
1891,3009,21056.526908124724,21061.00184145806,21058.763908124725,21059.398908124727,125,-18,9,1,89,0.024933333334774765
1892,3010,21062.31187479139,21066.576874791393,21064.473874791394,21064.988874791394,125,-18,9,2,85,0.015000000003055902
1893,3011,21067.716874791393,21071.87684145806,21069.773874791394,21070.308874791393,125,-18,9,0,83,0.009966666666150203
1894,3012,21076.977108124724,21081.106808124725,21078.964108124725,21079.534108124724,125,-18,9,0,82,0.02970000000132078
1895,3019,21136.94174145806,21140.487341458058,21138.29874145806,21138.85374145806,-115,-100,17,0,70,0.04559999999764841
1896,3020,21141.461708124727,21145.84234145806,21143.653708124726,21144.178708124728,-115,-100,17,0,87,0.030633333334116664
1897,3021,21146.821708124728,21151.17234145806,21148.928708124724,21149.523708124725,-115,-100,17,0,87,0.000633333331642838
1898,3022,21152.126708124728,21156.14234145806,21153.973708124726,21154.488708124725,-115,-100,17,2,80,0.015633333332516486
1899,3023,21157.196808124725,21161.702408124725,21159.388808124724,21159.973808124727,-115,-100,18,0,90,0.005600000000413274
1900,3024,21172.606708124724,21177.126708124728,21175.043708124726,21175.588708124727,121,-76,23,0,90,0.020000000004074536
1901,3033,21254.001874791393,21257.561608124724,21255.573874791393,21256.143874791393,114,91,2,0,71,0.009733333331678029
1902,3034,21258.58664145806,21262.531608124726,21260.593641458057,21261.08364145806,114,91,2,0,78,0.044966666666004684
1903,3035,21263.53664145806,21267.017274791393,21264.958641458063,21265.48864145806,-115,-100,17,0,69,0.030633333332661827
1904,3036,21268.03664145806,21272.26724145806,21270.203641458058,21270.72864145806,-115,-100,17,1,84,0.030599999998957905
1905,3037,21273.266608124726,21277.56227479139,21275.433608124724,21276.028608124725,-115,-100,17,0,85,0.045666666665056255
