cell,pc,orientation,shape_pearson,raw_shape_pearson,start_shape_pearson,end_shape_pearson,window_mean_rate_score_pearson,window_mean_rate_tuning_pearson,peak_m,half_range_width_m,target_width_m,source_energy,dominant_unit,source_fraction_of_place_energy,source_time_centroid_s,unique_shape_selected
1,1,1,0.5822483409079857,0.5822483409079857,0.653189966166221,0.6277640625970389,0.6306861069575256,0.7010183429027862,0.3625,0.5,0.17500000000000002,0.0407068609299106,2,0.041010464637722455,0.4795068199743648,False
1,2,-1,0.18735532217625178,-0.18735532217625178,0.23354528442797826,0.24131229435451207,0.18313437442574765,0.19474833072278977,0.0375,1.0,0.17500000000000002,0.010593625922778701,2,0.010781237874948087,0.5797330365751491,False
1,3,-1,0.2564454662208934,-0.2564454662208934,-0.1779568330335173,0.23514978867464,0.0222923423992795,0.2051338707560959,0.6625,0.675,0.17500000000000002,0.0023454154793914428,2,0.0024272037695828455,0.6596280672928504,False
1,4,-1,0.3018784975000319,-0.3018784975000319,0.16874416677186946,-0.10440103212376374,0.029855728360689792,0.25440414352874585,0.5375,0.9,0.17500000000000002,0.008326879308724305,3,0.009062719066515224,0.2732723327861648,False
1,5,1,0.5472642654307048,0.5472642654307048,0.5917703506797817,0.6646602554999538,0.3420397562838935,0.4711443605383785,0.2125,0.7250000000000001,0.17500000000000002,0.18119805834736213,2,0.2065544289644748,0.5091019364946824,False
1,6,-1,0.5476154594606732,-0.5476154594606732,0.6976106867433143,0.640283924903134,0.41834863783115356,0.531900091515036,0.6875,0.7000000000000001,0.17500000000000002,0.3051110483492342,2,0.3720903526057717,0.48291605476313654,False
1,7,1,0.5837549086115004,0.5837549086115004,0.232904866372223,0.22894916543849075,0.16598589305998301,0.47825153942287674,0.2125,0.875,0.17500000000000002,0.0748313078855753,3,0.10967915153193122,0.5029767587751904,True
1,8,1,0.29719462547322567,0.29719462547322567,-0.16261337408642176,0.08165360662071199,0.005120387980848197,0.21937445152586735,0.2125,1.0,0.17500000000000002,0.009443402096172223,2,0.016411659329506088,0.4860763051047584,False
1,9,-1,0.0010567043158160236,-0.0010567043158160236,0.006421405573206297,-0.14780643212587377,-0.00318233371425504,-0.015320425221475207,0.6875,0.9750000000000001,0.17500000000000002,0.0027198984827641265,3,0.014641252512605165,0.6670567425665143,False
1,10,1,0.09197124283990243,0.09197124283990243,0.03355144804420906,0.06535624450051851,0.0028086327130645594,0.0731811448277782,0.1375,0.9,0.17500000000000002,0.002343662710102554,3,0.013236989680643227,0.5879597780585197,False
1,11,1,0.06125214725516132,0.06125214725516132,0.15231091655195206,-0.013109676657524362,0.003381663838766298,0.05075043458476141,0.3375,0.9750000000000001,0.17500000000000002,0.0013878983743468502,3,0.008436497949379396,0.4443777173429344,False
1,12,-1,0.06543825862378999,-0.06543825862378999,0.0721560960157775,0.18338590939467095,0.005237564646580471,0.03065605046988625,0.9375,0.9500000000000001,0.17500000000000002,0.0016567372210516522,3,0.012594587098928897,0.5433061617872857,False
1,13,1,0.012504400490250372,0.012504400490250372,-0.031143038815506115,0.10321174868230068,0.001449446872078261,0.012855184664772108,0.6875,0.9,0.17500000000000002,0.0015458657846306816,3,0.010856084455644231,0.5469217699670105,False
1,14,-1,0.2618991836070651,-0.2618991836070651,0.04066234423974115,0.16688272449921251,0.01686495854758994,0.20415490695054767,0.2125,0.8500000000000001,0.17500000000000002,0.0015801904775891444,3,0.011207078940663686,0.5085758387273301,False
1,15,-1,0.03803744899276568,-0.03803744899276568,-0.03625987790683827,0.0711129157705402,0.008134217032216463,0.05199814043235081,0.4375,0.9500000000000001,0.17500000000000002,0.001353020009599033,3,0.010810929037647693,0.5373239251065464,False
1,16,-1,0.29359024897650415,-0.29359024897650415,-0.08645038976731222,0.2806907821271578,0.023986117487523436,0.2411987257642717,0.2125,0.875,0.17500000000000002,0.0038461570202298154,100,0.03248807181655487,0.6483569422340556,False
1,17,-1,0.042592494592558844,-0.042592494592558844,0.1851565069371717,-0.06368132050546431,0.003960271271877646,0.013984647628295722,0.5125,0.9500000000000001,0.17500000000000002,0.0007515280434836629,3,0.005404607359602427,0.35663006000486985,False
1,18,1,0.04086659184378199,0.04086659184378199,-0.17515767182039524,0.26291987101722336,0.006838106788893127,0.07697787605777517,0.6125,0.9750000000000001,0.17500000000000002,0.0035344147845406335,3,0.03539395460795146,0.5871444176376758,False
1,19,-1,0.05262130072786452,-0.05262130072786452,-0.06015204667935249,0.28095894955766476,0.0018383864169449022,0.057305164289918706,0.6875,0.9500000000000001,0.17500000000000002,0.0022432229979984226,3,0.014759173580817866,0.49969492401159765,False
1,20,-1,0.39624843994746267,-0.39624843994746267,0.09435077718785011,0.295938701939644,0.04524865000774335,0.28062675002635207,0.8375,0.875,0.17500000000000002,0.008186150788641513,32,0.0858601301373015,0.41155791287177457,False
1,21,1,0.06822361034466085,0.06822361034466085,-0.13984480643772587,0.1919099100276373,0.006256538186196491,0.08501336910344502,0.6125,0.875,0.17500000000000002,0.0014077202915241688,3,0.011709461161657565,0.5067091882429304,False
1,22,-1,0.27929266827997296,-0.27929266827997296,0.23762669478849796,-0.07816963850336912,0.03154248162080638,0.20274732110601415,0.8375,0.925,0.17500000000000002,0.008841828442179135,3,0.07086624311664097,0.2816957273125595,False
1,23,1,0.28265749980269633,0.28265749980269633,-0.3828994613677022,0.5520586640539699,0.019181517157382536,0.20843101650077545,0.2125,0.9500000000000001,0.17500000000000002,0.005421978276925356,3,0.04627174734217725,0.6150029989718405,False
1,24,-1,0.11548554936128481,-0.11548554936128481,-0.2469033791210855,0.4283044801847976,0.004409564888249164,0.05536505270818737,0.9375,1.0,0.17500000000000002,0.004077076247140272,99,0.033244097545434434,0.5639069618564838,False
1,25,-1,0.3955333406717321,-0.3955333406717321,0.1596803037307423,0.30963419233688627,0.024519020370485627,0.33652320371195305,0.1875,0.925,0.17500000000000002,0.0023676430797740173,3,0.027896513696316336,0.45026717186047305,False
1,26,1,0.06723349015913561,0.06723349015913561,-0.35049056341768503,0.5090032597107628,0.005455448042970003,0.06306870662760727,0.5875,1.0,0.17500000000000002,0.003999987340875846,100,0.05267498123249054,0.49521912410270114,False
1,27,-1,0.14433265001280116,-0.14433265001280116,-0.14522454408786056,0.32259303883142876,0.010194674775175336,0.11244478831332083,0.6625,0.925,0.17500000000000002,0.0019034499649898341,3,0.019470479071511226,0.5875430620751149,False
1,28,-1,0.3259229597617413,-0.3259229597617413,-0.18776894797430949,0.39951608333185,0.015130897329224898,0.30978830594194656,0.0875,0.9,0.17500000000000002,0.0029502315780817953,32,0.03536095538401775,0.557187625359519,False
1,29,-1,0.023883394457430013,-0.023883394457430013,0.08039992289842005,-0.03897762343704529,0.0012074635943104789,0.00833624303619503,0.4125,0.9500000000000001,0.17500000000000002,0.0010626980482464608,3,0.011322740358124526,0.33769029995421196,False
1,30,-1,0.2628415119356441,-0.2628415119356441,0.1054699321403312,0.09429433370264448,0.015991853175845085,0.19341864153842964,0.5875,0.9,0.17500000000000002,0.002654205465417379,99,0.028332967009992778,0.32694519865174154,False
1,31,-1,0.16490844316419173,-0.16490844316419173,0.13347612040874607,-0.19771770811375625,0.003918736183281581,0.08790669730820655,0.7625,0.8,0.17500000000000002,0.0018661380562474102,99,0.02540641700663738,0.4567365285432291,False
1,32,1,0.11065759332991996,0.11065759332991996,-0.06466726253899267,0.2123970956678065,0.01299471789323976,0.08709097964610751,0.6375,0.9750000000000001,0.17500000000000002,0.001482738250879204,3,0.014014231757369749,0.553484325111796,False
1,33,1,0.29054266037278403,0.29054266037278403,-0.12015245573928014,0.5279379201134501,0.02605169973014269,0.24218568619592537,0.2875,0.9,0.17500000000000002,0.004605729367441628,3,0.056571652777282315,0.6050555810359336,False
1,34,1,0.10262125092388748,0.10262125092388748,-0.24984790024576303,0.47966146295140033,0.013382435065728143,0.09017471328822675,0.8875,0.9500000000000001,0.17500000000000002,0.0033801277667435334,3,0.02911864385321136,0.6511386901998444,False
1,35,-1,0.08952945644048517,-0.08952945644048517,-0.1519064744946205,0.2653178226212947,0.006731723447538265,0.10763181853316225,0.7625,0.9,0.17500000000000002,0.0009902278416317276,99,0.013682136495342091,0.5970537315369261,False
1,36,1,0.2364915070841987,0.2364915070841987,0.07806615215702921,0.29255916765813444,0.022065942792343002,0.19892701797334134,0.5625,0.775,0.17500000000000002,0.004097994568828803,76,0.05680530359301517,0.6212518239362731,False
1,37,-1,0.05711433577306525,-0.05711433577306525,-0.023982293548202225,0.2647414030743805,0.006059223773707924,0.09151530507885407,0.4125,0.9500000000000001,0.17500000000000002,0.0008891654525012584,3,0.0077645146284188995,0.5292194386365742,False
1,38,-1,0.23083636838280303,-0.23083636838280303,0.20518585099962633,0.07241749097952903,0.015260065219972349,0.2097427038146414,0.1375,0.925,0.17500000000000002,0.001364525117998404,3,0.012990447497877748,0.48377669563262593,False
1,39,-1,0.14480125954443504,-0.14480125954443504,-0.02893326209816398,-0.2442441307889127,-0.00046097448516049073,0.13556592879083934,0.5125,0.9500000000000001,0.17500000000000002,0.0005139132345329729,99,0.007139014233400018,0.41665478474009926,False
1,40,1,0.09403737101410328,0.09403737101410328,0.09779918428636826,0.2114841167462407,0.012814167915110515,0.05213943725989019,0.5625,0.9750000000000001,0.17500000000000002,0.0021471310776536583,32,0.025748530165055905,0.5300897633395728,False
1,41,-1,0.27339098295716785,-0.27339098295716785,-0.17625361610012794,0.5432295351448645,0.036910557623863284,0.23395092901290904,0.5625,0.9750000000000001,0.17500000000000002,0.009573117907770901,99,0.09555976643342634,0.7246790710609484,False
1,42,-1,0.24020514112805244,-0.24020514112805244,-0.2685249119432894,0.26011323993134566,0.013602610013961892,0.22018812489443668,0.5875,0.875,0.17500000000000002,0.0030194767987483653,99,0.034977148316892866,0.5406407840855854,False
1,43,1,0.3358636932158635,0.3358636932158635,-0.31411282563376386,0.651013872285233,0.04156118373209522,0.28588530244566157,0.5625,0.9,0.17500000000000002,0.01651862388635487,3,0.11677405892894296,0.699024097606591,False
1,44,-1,0.14364698150552443,-0.14364698150552443,-0.24280888233947096,0.4530219462541452,0.013663570178398553,0.13225423727653376,0.5625,0.9500000000000001,0.17500000000000002,0.004167049137745683,3,0.03965545358672435,0.6364688634080325,False
1,45,1,0.12914163991008473,0.12914163991008473,0.04679533691075868,0.05591512739065251,0.013785226985307557,0.06257851869186258,0.5875,0.875,0.17500000000000002,0.0025026449478718553,100,0.03300602065343113,0.5656177471032164,False
1,46,1,0.02393383881610879,0.02393383881610879,0.10144222451834636,-0.39181372082664484,-0.0027592241210689255,-0.01773553310808289,0.2375,0.9750000000000001,0.17500000000000002,0.0018928856279695387,100,0.022159443730643776,0.6998188789299812,False
1,47,1,0.009290889458033434,0.009290889458033434,-0.2389549143805121,-0.03604417901576226,-0.0010008119659593656,-0.03957920980048534,0.8875,0.9,0.17500000000000002,0.001673875054097526,99,0.020709970176242595,0.5969306870982101,False
1,48,1,0.07746114998223828,0.07746114998223828,0.024162052341118,-0.09809969869829534,0.0004314139234317968,0.06793136562289934,0.4875,0.9500000000000001,0.17500000000000002,0.003035681029110384,3,0.030738400331853127,0.5889507235092729,False
1,49,1,0.09978120610937938,0.09978120610937938,0.0890140472390194,-0.20996393114001455,0.001832660263543907,0.05541611492504781,0.8875,0.8500000000000001,0.17500000000000002,0.001578969411724493,99,0.02776529129704207,0.508260829088454,False
1,50,-1,0.030878012461623902,-0.030878012461623902,0.17340600614697227,-0.08149066567531493,0.008479928117066576,-0.03521844257809572,0.8375,0.9500000000000001,0.17500000000000002,0.0033872323695753035,100,0.037706240255367944,0.5339920803444194,False
1,51,1,0.2531709027319876,0.2531709027319876,0.5933207369323287,-0.44614232070238263,0.032400965350824366,0.17826854657604363,0.2125,0.9750000000000001,0.17500000000000002,0.02063652559399763,3,0.16046777749348373,0.2394890362890503,False
1,52,-1,0.23640318366478155,-0.23640318366478155,0.3401825262118264,-0.0005092715190384401,0.022539461193900424,0.16798357897349903,0.5625,0.8250000000000001,0.17500000000000002,0.004650340298319861,82,0.05628900221941505,0.38087102580619003,False
1,53,1,0.03667014022010358,0.03667014022010358,0.15402918392880374,-0.132451048307626,0.004004218693391394,-0.012504923754920778,0.5625,1.0,0.17500000000000002,0.0032406554480142076,78,0.04202662589987187,0.4291298881548747,False
1,54,1,0.21971698328936473,0.21971698328936473,-0.017064071059125056,0.3438232300160726,0.01676606592525948,0.2765661122527408,0.7375,0.775,0.17500000000000002,0.0021241405878545195,99,0.023228738271211385,0.6251699907969507,False
1,55,-1,0.26655489102479013,-0.26655489102479013,-0.19333545379307843,0.4107196736067184,0.015313633749407902,0.26426573351497995,0.2625,0.925,0.17500000000000002,0.00509663807431614,100,0.05655063666167044,0.5921149664611062,False
1,56,-1,0.09925809427888443,-0.09925809427888443,0.01087609409331937,0.14644682664027542,0.004408881202332062,0.16885379418907345,0.6875,0.925,0.17500000000000002,0.0013034206491248988,99,0.018704271119931094,0.47924049968253896,False
1,57,-1,0.15673714173089454,-0.15673714173089454,0.3046889443360176,-0.105125650799398,0.006453752894909528,0.16386178573133725,0.4875,0.925,0.17500000000000002,0.002321162471738186,100,0.033368870287620846,0.4907047377122538,False
1,58,1,0.12267157882048282,0.12267157882048282,-0.25543632235803976,0.375332417166263,0.0030044854117328014,0.11655910612392426,0.5125,0.7000000000000001,0.17500000000000002,0.0042627662898834335,3,0.03286074376107499,0.5092677200943716,False
1,59,1,0.07167002786298457,0.07167002786298457,0.23194724424662155,-0.26217399294954974,0.0006211120077727386,0.08500061006683612,0.7125,1.0,0.17500000000000002,0.002884465455060923,3,0.025463200454505428,0.6054531238055264,False
1,60,1,0.09292515442269172,0.09292515442269172,-0.16764382358181057,0.12704537873103805,0.010792365171454156,0.03441052367192766,0.5375,0.9,0.17500000000000002,0.004291396938126802,3,0.04077449389533033,0.6436588049847882,False
1,61,1,0.19137949796807488,0.19137949796807488,-0.04043575022425624,0.03579308492720075,0.013002496298611457,0.14285075231585875,0.5875,0.875,0.17500000000000002,0.003577121220986524,76,0.04895871424125168,0.5287222287270109,False
1,62,-1,0.2225789974036121,-0.2225789974036121,-0.0018937813572319077,0.11270532819746121,0.011430400343560835,0.20092439812825694,0.5375,0.8,0.17500000000000002,0.002194888305781127,96,0.02916649564242224,0.5168269347496987,False
1,63,1,0.011823828904080042,0.011823828904080042,-0.507219605995283,0.36554661459050836,-0.00173446777347008,-0.023777435755001273,0.5125,0.8500000000000001,0.17500000000000002,0.009243869152661689,3,0.10391221562029765,0.5096620240368545,False
1,64,-1,0.05246570092617772,-0.05246570092617772,-0.21005204575449132,0.3228602934142199,0.0044998182730997685,0.07839064270758613,0.7625,0.9500000000000001,0.17500000000000002,0.00475442077299418,99,0.0799496274393929,0.5255364350498432,False
1,65,-1,0.1776156171855762,-0.1776156171855762,0.37855118026578377,-0.07143491370295373,0.01366123629267978,0.1930614441811567,0.6375,1.0,0.17500000000000002,0.00242818674993672,95,0.033653989934261455,0.545240845497238,False
1,66,1,0.07460556390854782,0.07460556390854782,0.26513732773220483,-0.0553475820415728,0.006419287449141414,0.047699985638480706,0.6875,1.0,0.17500000000000002,0.002038784804873956,100,0.026150989266651593,0.5708418595712357,False
1,67,1,0.16253745715806603,0.16253745715806603,-0.2542912044535753,0.039282418239393005,0.006463649181501726,0.09350290315885174,0.5625,0.75,0.17500000000000002,0.0037741882980944492,32,0.051588690801613164,0.5638611644832981,False
1,68,-1,0.016001822842516628,-0.016001822842516628,0.18278542046472193,-0.1555259632114047,0.0014969086452377278,0.05040374461909485,0.5125,0.875,0.17500000000000002,0.0022724039793787787,3,0.023336344085325752,0.34179483752208817,False
1,69,1,0.008357691891543085,0.008357691891543085,-0.059411474887173576,0.010008581435826546,-0.00357725196922695,0.04746252928956881,0.0125,0.875,0.17500000000000002,0.0019298692320983,32,0.03004632626308515,0.4488038290261423,False
1,70,1,0.18054843837938572,0.18054843837938572,-0.4870763887645697,0.4995067909105373,0.007754383676359937,0.16103413349215112,0.5625,0.9,0.17500000000000002,0.00937724534319192,2,0.07826978683477345,0.5754803954354811,False
1,71,-1,0.06283254699571786,-0.06283254699571786,0.2611122364086398,-0.24466995718638943,0.007169836693076322,0.026540359260915074,0.5875,0.7000000000000001,0.17500000000000002,0.0034747755827934275,32,0.06530149239132303,0.3273319289841563,False
1,72,1,0.026072900743631163,0.026072900743631163,-0.18675897335206396,0.1539506890048968,0.00020351900368945314,0.06465200581396968,0.0625,0.9750000000000001,0.17500000000000002,0.0032411829317168803,82,0.044983881645229644,0.4602703690184928,False
1,73,1,0.09167748507470189,0.09167748507470189,-0.03289033624435492,0.2626663174282973,0.019809852612740052,0.03091500220212427,0.8125,0.8250000000000001,0.17500000000000002,0.003795885526386689,99,0.05421851849364539,0.7299705694999045,False
1,74,1,0.06291149350152771,0.06291149350152771,0.06839155155868243,0.1908208706199545,0.00715427748117956,0.10470622158829565,0.8875,0.925,0.17500000000000002,0.001912648790964985,3,0.018349740085679307,0.5489365372787752,False
1,75,-1,0.03391413910002004,-0.03391413910002004,0.27771462107073996,-0.2781224617258252,0.0007810632422225847,0.03973829800776148,0.0625,1.0,0.17500000000000002,0.0025518625531375807,100,0.02477627517298921,0.5014988479648753,False
1,76,1,0.20486968997166116,0.20486968997166116,-0.16676767556316918,0.09150170464399908,0.005554741137443604,0.16573374373299418,0.2125,0.9500000000000001,0.17500000000000002,0.0024444523007163426,99,0.03279002749667873,0.597816900891983,False
1,77,-1,0.03037232798642167,-0.03037232798642167,-0.052799844455666455,-0.11122937111984299,-0.0009123252963970925,0.05188583114008622,0.1375,0.9,0.17500000000000002,0.0020420818122367608,99,0.023408933365255152,0.5308581003784135,False
1,78,1,0.05774385637363283,0.05774385637363283,0.4291829447371725,-0.41997961916209847,0.0016896984404926967,0.027409984848117654,0.5375,0.7000000000000001,0.17500000000000002,0.005576623880501881,78,0.10696722329052513,0.5090868725389689,False
1,79,1,0.2628075835718166,0.2628075835718166,-0.2599310354048747,0.5008773446453527,0.028665216074297676,0.22305162623252342,0.8625,0.925,0.17500000000000002,0.010382351545973703,31,0.16088673422428734,0.7441745773268322,False
1,80,1,0.18733865840604316,0.18733865840604316,-0.10111046095652193,0.23396395531642136,0.013626163081155175,0.1335126251512439,0.5625,0.875,0.17500000000000002,0.0031088155093374286,96,0.04279485646203769,0.5366843986904485,False
1,81,1,0.11459274710567156,0.11459274710567156,-0.16890983730467082,0.14135457015512212,0.011485219351850592,0.04577551431688262,0.2375,0.9,0.17500000000000002,0.001737565314504496,32,0.02427715287186484,0.6973985856427539,False
1,82,1,0.08729793232380834,0.08729793232380834,-0.17215991821034538,0.3119474619151972,0.017370099149519213,0.04146142571389693,0.8125,0.9500000000000001,0.17500000000000002,0.005420594500930224,43,0.10131500370905726,0.7173589112630833,False
1,83,1,0.18813950816907107,0.18813950816907107,0.2550049350893228,0.18651931229199664,0.019975690633266555,0.13161223492156007,0.3625,0.9500000000000001,0.17500000000000002,0.004889607564175411,99,0.08917515096005578,0.4310526330072357,False
1,84,1,0.10711110148353976,0.10711110148353976,0.27120731495610495,-0.2173640388526094,0.005481553162848966,0.09124556955326991,0.2875,1.0,0.17500000000000002,0.004683505200406363,95,0.07508746003114637,0.4334886136377124,False
1,85,1,0.02622559572471092,0.02622559572471092,0.11009690788718123,-0.2748711934150753,-0.0030008373876310277,-0.005229731329716031,0.4875,0.8500000000000001,0.17500000000000002,0.0016761259903579153,78,0.03513129676203304,0.4726030850788618,False
1,86,1,0.09358502283895735,0.09358502283895735,0.28601256431604954,-0.19811828268165588,0.01132646930910866,0.024887010098954936,0.5375,0.9750000000000001,0.17500000000000002,0.003486873947195654,3,0.047527104065460644,0.2514913111270039,False
1,87,-1,0.20840475488676147,-0.20840475488676147,0.13967985978321873,-0.0033976921765108766,0.00835779250691399,0.15340353674208584,0.2375,1.0,0.17500000000000002,0.0020057603340294145,99,0.04753105957444967,0.42068342610423587,False
1,88,-1,0.012497212834990222,-0.012497212834990222,-0.30890027561993144,0.11001353948066374,-0.002725793865537473,-0.0005524741473102466,0.6625,0.9500000000000001,0.17500000000000002,0.002718143858105194,99,0.05218019552589513,0.39144943593736775,False
1,89,1,0.11146034053155408,0.11146034053155408,0.07132828706758987,0.11504948306629156,0.011746328906625322,0.04229333318069323,0.5625,0.775,0.17500000000000002,0.0024444946657193696,99,0.05428969481083867,0.43814107929407414,False
1,90,-1,0.12842368519503689,-0.12842368519503689,0.13165409238923073,0.061698865428592195,0.01780005362042562,0.07964924705215935,0.5875,0.9,0.17500000000000002,0.004814485625515408,3,0.05470282201679692,0.5712959847689351,False
1,91,1,0.15434004618324715,0.15434004618324715,0.2718268315461496,0.05690956431600723,0.016310251361049546,0.08060530410512526,0.8625,0.8500000000000001,0.17500000000000002,0.004262613479699736,3,0.04348478200492645,0.3808722103561245,False
1,92,1,0.06431937438562668,0.06431937438562668,-0.05595139641596725,0.3349333901453699,0.013655003790085515,0.03726302066696715,0.5875,0.8500000000000001,0.17500000000000002,0.0037738913120216313,99,0.048996696776809255,0.7789601103191364,False
1,93,-1,0.05701248185980295,-0.05701248185980295,-0.21414194793009106,0.23816582471788392,0.0075034101342291125,0.01928131804031971,0.8625,0.75,0.17500000000000002,0.0026109298619695813,32,0.04319198185031297,0.6089433625794244,False
1,94,-1,0.20652092524166918,-0.20652092524166918,0.20631429274077903,-0.191072006299166,0.01950933997045854,0.1169545329682487,0.5625,1.0,0.17500000000000002,0.0046791861313710895,99,0.07378374834026286,0.35227398768705825,False
1,95,-1,0.041965915367997285,-0.041965915367997285,0.06473160950348264,0.16765198188833944,0.005723978864016817,0.010757594010408225,0.9125,0.8500000000000001,0.17500000000000002,0.002698910083723557,3,0.035993677429356,0.6751142869145182,False
1,96,-1,0.325243967461254,-0.325243967461254,-0.041446727169812826,0.31858188938571286,0.0216157986430656,0.23660599414028022,0.8125,0.775,0.17500000000000002,0.0036267812526078005,32,0.05824125044166312,0.6348576938907532,False
1,97,-1,0.37816561353450867,-0.37816561353450867,0.37801034689950674,0.07392913976679721,0.029999703415653476,0.2879117733808127,0.2875,0.8250000000000001,0.17500000000000002,0.004266407187144054,32,0.06013090985004278,0.5127821488080585,False
1,98,-1,0.1795199087221859,-0.1795199087221859,0.16504267136549386,0.12594301940748473,0.01661577640407708,0.13705636359416873,0.9125,0.925,0.17500000000000002,0.002229905319749109,82,0.03762267888554584,0.47484921598754004,False
1,99,1,0.3359920017908004,0.3359920017908004,0.35202881549307596,0.030775888670181988,0.025091986492444755,0.22781405181053296,0.2375,0.775,0.17500000000000002,0.005209912596140782,99,0.06600640637405912,0.504479716985502,False
1,100,1,0.18787658937926546,0.18787658937926546,0.05328265533768994,0.10769109365186139,0.007844596211133703,0.15311766323922027,0.5875,0.8250000000000001,0.17500000000000002,0.0016189128513562933,100,0.02371837027125254,0.47749451517341845,False
1,101,-1,0.130054267053679,-0.130054267053679,-0.06618165653924189,0.1623380896429127,0.00850355150944677,0.13957242033308154,0.3125,0.9500000000000001,0.17500000000000002,0.0024998196106170096,76,0.04533339217248879,0.47036444843446495,False
1,102,-1,0.2420365210929334,-0.2420365210929334,0.089390150399266,0.23565739921542592,0.02146433122704939,0.19389525820713274,0.1875,0.9,0.17500000000000002,0.00325962949584292,82,0.06245729419890975,0.6546105909870096,False
1,103,-1,0.06888966784462319,-0.06888966784462319,0.4057632109647779,0.04312727259269695,0.0071310466952519145,0.027027822795752277,0.8625,0.9500000000000001,0.17500000000000002,0.0022248630469774997,78,0.03267122740499184,0.33265619682274195,False
1,104,1,0.15550477844677324,0.15550477844677324,0.0306626686013328,0.06999112773057138,0.008967058537630202,0.1394909952995043,0.5375,0.625,0.17500000000000002,0.003049318032609609,99,0.046117097498974434,0.5059858184666419,False
1,105,-1,0.14007427330304012,-0.14007427330304012,0.2429002484092001,-0.0709032345582906,0.015579957379759446,0.06325404912846538,0.8125,0.9,0.17500000000000002,0.0043163054943337895,43,0.061100011776102005,0.41960978899488993,False
1,106,-1,0.06071121588223268,-0.06071121588223268,0.14209561652463434,-0.12822362680077296,0.0024664862019329993,0.03125702385745075,0.5375,0.8,0.17500000000000002,0.0024492512276643326,99,0.02552406682521439,0.44292751922851814,False
1,107,1,0.04523989724751061,0.04523989724751061,0.35369695618812513,0.047654924460199845,0.011209809871096139,0.01696048846274635,0.5875,0.9500000000000001,0.17500000000000002,0.00237873264052253,83,0.03422831196756645,0.45169997766458164,False
1,108,1,0.15977496997429563,0.15977496997429563,0.25324331281892565,0.21703783705037819,0.022556934070786353,0.120542747964755,0.1875,0.9750000000000001,0.17500000000000002,0.005055303949161863,82,0.07408117906080684,0.5556454230326181,False
1,109,1,0.04023188855924173,0.04023188855924173,-0.23370900541976683,0.04440971239105013,-0.00164116294821401,0.025123424647012046,0.5625,0.675,0.17500000000000002,0.0017671813643180012,100,0.039184475661400875,0.4834878940447609,False
1,110,1,0.07614150618180192,0.07614150618180192,0.4677466824483288,-0.003064723160665752,0.013683517925227404,0.06874238244423254,0.5875,0.9500000000000001,0.17500000000000002,0.0035370276984045585,83,0.05847466577308839,0.2691363749639954,False
1,111,1,0.086366942250322,0.086366942250322,-0.2541880226713884,0.19949251530076584,0.0017833286786203188,0.07269754492444842,0.6625,1.0,0.17500000000000002,0.0013465504295367245,99,0.019052313403220257,0.3862942539753604,False
1,112,-1,0.2576105749471891,-0.2576105749471891,0.045059039441198386,0.09392572987716327,0.011919347412950893,0.18027765327552236,0.5125,1.0,0.17500000000000002,0.0026044120914130897,99,0.03338091497027743,0.45720254262028065,False
1,113,1,0.1011765423752721,0.1011765423752721,0.16039138807931932,-0.16918011776582478,0.0016441801434733813,0.040582974745441806,0.5625,0.9500000000000001,0.17500000000000002,0.0027597608567445533,99,0.042931741678479275,0.5754113446808768,False
1,114,-1,0.20603931551916244,-0.20603931551916244,-0.07877574999146073,0.4694466470120314,0.02061086828977962,0.2243604077225133,0.3375,0.925,0.17500000000000002,0.009968602983074188,72,0.13653152433194057,0.688410217702137,False
1,115,1,0.003586522938875334,0.003586522938875334,0.21189026571640213,-0.08767617980809686,0.0077366412980548254,0.002577935568027734,0.3875,0.9750000000000001,0.17500000000000002,0.0023961502501985304,99,0.027639543048071095,0.40030862794310584,False
1,116,1,0.23012457518431148,0.23012457518431148,0.30399771543346843,0.019095113758742416,0.01960384969097277,0.14059417094225024,0.9625,0.8500000000000001,0.17500000000000002,0.0039984809511844546,82,0.08120326318960164,0.2703577536969598,False
1,117,-1,0.013972974463569317,-0.013972974463569317,0.08567393655557173,-0.3246494593729219,-0.0032865924437488,-0.010159434179018339,0.7375,0.9750000000000001,0.17500000000000002,0.0024915761758699333,95,0.0317703507942085,0.6078885186528238,False
1,118,1,0.12135277624013528,0.12135277624013528,0.03061844657569427,0.23920671084745895,0.011128521124434269,0.09601524465345261,0.6125,0.9750000000000001,0.17500000000000002,0.002791175763867321,100,0.0397890322969223,0.5239884391293806,False
1,119,1,0.001829191491819443,0.001829191491819443,-0.0826160154124874,0.2894506178943698,0.0026861513626018187,0.048132010013135225,0.7875,0.9500000000000001,0.17500000000000002,0.0038388394176602503,99,0.06365435460088525,0.6848454600411884,False
1,120,1,0.09978836065108873,0.09978836065108873,0.2311099026403405,-0.022014871326324324,0.01468777085839388,0.03488785654965398,0.6125,0.8500000000000001,0.17500000000000002,0.0034037629108688264,82,0.04167793595317184,0.4090977924960591,False
1,121,-1,0.11060600176833822,-0.11060600176833822,-0.204111000473386,0.3472115965877076,0.00765646005672825,0.13175435266441662,0.1375,0.9500000000000001,0.17500000000000002,0.004708146193173111,83,0.07652839858299615,0.6055666448208327,False
1,122,1,0.07408017179181957,0.07408017179181957,-0.32261715839310656,0.17100099999965362,0.003775548039301057,0.06280429564517226,0.8375,0.925,0.17500000000000002,0.0036299065910713035,100,0.045206797402585944,0.47037840374414586,False
1,123,-1,0.08963235600293863,-0.08963235600293863,0.006122229731679872,-0.004325056887585685,0.0018749553670822131,0.0705951460250105,0.6875,1.0,0.17500000000000002,0.0014582515163440485,2,0.016675558149086778,0.6773317184135013,False
1,124,1,0.03160521455206048,0.03160521455206048,0.08112778916470519,-0.3127609251634561,0.0003481390973398966,-0.050191098720273775,0.8125,0.8250000000000001,0.17500000000000002,0.0038239905167488653,99,0.07626519045017979,0.43599199975832614,False
1,125,1,0.13722319151776363,0.13722319151776363,0.08398426110557879,-0.06824409580151086,0.009855971626144386,0.07085702477330708,0.5625,0.8250000000000001,0.17500000000000002,0.003540591471245535,83,0.06365417956885971,0.49722931924506913,False
1,126,-1,0.14880339262076764,-0.14880339262076764,0.12414316201188111,-0.3274401826452156,0.005510293752012093,0.026909863263912658,0.5625,0.8,0.17500000000000002,0.003988870551789958,76,0.053135018548614625,0.40746059566042964,False
1,127,-1,0.33866916803568897,-0.33866916803568897,0.18328567807842297,0.15955659728261035,0.02220924339974944,0.2526494505354208,0.8125,0.9500000000000001,0.17500000000000002,0.004291625772700926,99,0.04803329249761718,0.45626680628780814,False
1,128,-1,0.1482111558902336,-0.1482111558902336,-0.0911929793457282,0.25306337506845744,0.011239361070795371,0.15863583464450856,0.9625,0.925,0.17500000000000002,0.002478352733611849,99,0.02996409525961654,0.6347262957228935,False
2,1,1,0.7694267335491608,0.7694267335491608,0.6963297240757566,0.7094984014472696,0.7757854354120234,0.8125426197819726,0.3625,0.5,0.17500000000000002,0.413363992624092,2,0.4164469825174339,0.4966788948602588,False
2,2,1,0.5790303437629809,0.5790303437629809,0.4788886876847216,0.46576786517072893,0.5582404233973476,0.5519060562013208,0.3875,0.55,0.17500000000000002,0.5708563532358967,2,0.5809661565855312,0.49375958376232504,True
2,3,1,0.13979688314409233,0.13979688314409233,0.8632603975349723,-0.8785719426494393,0.012172141168716077,0.12677850699935547,0.4375,1.0,0.17500000000000002,0.7221014616582052,2,0.7472822641269692,0.4933165220502465,False
2,4,1,0.10033681341963868,0.10033681341963868,0.25378258547631827,-0.3211948742674748,-0.005138986889280041,-0.0016006002080863598,0.6625,1.0,0.17500000000000002,0.2261747081212035,3,0.24616158871258742,0.5195177956900969,False
2,5,-1,0.32960739560094404,-0.32960739560094404,-0.7591038324074519,-0.7172828552244462,-0.02178026071522291,0.2234422862375945,0.4125,1.0,0.17500000000000002,0.500016520607824,2,0.5699874922995066,0.4715750217827972,False
2,6,-1,0.179438828356772,-0.179438828356772,-0.3305977953827086,-0.37889310749021515,-0.01400999663222068,0.1397488396628529,0.6875,0.7000000000000001,0.17500000000000002,0.31081241418850974,2,0.37904330706923095,0.5314038685592665,False
2,7,-1,0.13482098896153957,-0.13482098896153957,-0.01963740525345238,0.06617118161845019,-0.000776499238401721,0.02030162191093744,0.7375,0.775,0.17500000000000002,0.03988662194999217,3,0.058461237369249984,0.4062622679448115,False
2,8,-1,0.16170123612315931,-0.16170123612315931,0.6982286111418391,-0.6795144830007869,0.0030757835125684307,0.10855283083164738,0.4625,0.925,0.17500000000000002,0.5479034793676465,2,0.9521997641589032,0.513541956808941,False
2,9,1,0.1319934707425765,0.1319934707425765,0.2567047756125175,-0.16805569840789128,0.00024894698099274873,0.08110867691923679,0.4125,0.925,0.17500000000000002,0.05833663600189602,3,0.3140269476424292,0.575409038970068,False
2,10,-1,0.06074744490101527,-0.06074744490101527,0.1325685453741778,-0.18706436197888465,-0.001614209812283458,0.03147308020421128,0.5875,1.0,0.17500000000000002,0.048297355232689916,3,0.27278310571810127,0.555112944094559,False
2,11,-1,0.03023402644655213,-0.03023402644655213,0.0446109315691351,0.25077197359471387,6.888307730829853e-05,0.00035745453926901236,0.9375,0.9750000000000001,0.17500000000000002,0.025205366233961968,3,0.15321368226708118,0.4530661231284115,False
2,12,1,0.04429049104445883,0.04429049104445883,0.013712123115175955,0.19492105080104452,0.0007721500687777536,0.03984602491752429,0.0875,1.0,0.17500000000000002,0.03807550599590503,3,0.2894516224466865,0.39672648387552384,False
2,13,1,0.033276515916547345,0.033276515916547345,-0.116307507414525,0.12248618592945062,-0.0016995753226486995,0.0010528968164903744,0.6875,0.9,0.17500000000000002,0.04431277300253146,3,0.3111933849381384,0.38719020581843194,False
2,14,1,0.023657973272313483,0.023657973272313483,0.11323993216455266,-0.14824724623532443,0.0028999305303752973,0.02702799611394006,0.7625,1.0,0.17500000000000002,0.03691032041311664,3,0.2617765898868686,0.47020899840096664,False
2,15,-1,0.0961415566552416,-0.0961415566552416,0.11999979267283735,0.109810133690498,0.00016140936222450045,0.08211246845248414,0.4375,0.9500000000000001,0.17500000000000002,0.034428177008933414,3,0.27508874658066174,0.4378781534969153,False
2,16,-1,0.01924483263196692,-0.01924483263196692,0.09464798566242659,0.12025439791610512,-0.001089431986852158,0.05383423717732089,0.2125,0.875,0.17500000000000002,0.04839666221998409,100,0.40880136448262905,0.5417782774804706,False
2,17,1,0.11971220300150297,0.11971220300150297,0.13609054128999698,0.04400619222565063,0.00034118791865271955,0.06056608825716274,0.5625,1.0,0.17500000000000002,0.03048502613890659,3,0.21923279917043914,0.3486887754509912,False
2,18,1,0.1249722144435462,0.1249722144435462,0.05743589526181417,0.0300172162083302,0.0018325133906756496,0.15091154177905572,0.6125,0.9750000000000001,0.17500000000000002,0.021184385023423687,3,0.21214237932571225,0.4966734352537675,False
2,19,-1,0.0026337889962031176,-0.0026337889962031176,-0.2341846167970275,-0.25657847972887876,-0.003402193059317645,-0.0047640874605121486,0.6875,0.9500000000000001,0.17500000000000002,0.03450008211467058,3,0.22699156567904047,0.5480879095591111,False
2,20,1,0.13417111383462374,0.13417111383462374,0.18927073887465204,-0.013551192682168632,0.008929817065340233,0.09099929313224558,0.0375,0.9750000000000001,0.17500000000000002,0.014715427041965847,32,0.15434219494249324,0.40612312632976977,False
2,21,1,0.059650909664204374,0.059650909664204374,0.25516994833154566,-0.2576325003836484,-7.335572639564081e-05,0.05616395036103669,0.6125,0.875,0.17500000000000002,0.02295854742831274,3,0.19096991146503314,0.5057021466161848,False
2,22,1,0.0774635028137559,0.0774635028137559,-0.0006873413778138403,-0.048738586549706135,0.0033452022682053714,0.03900095069281139,0.6875,0.9500000000000001,0.17500000000000002,0.024327087122468036,3,0.19497881932615743,0.37725880836655573,False
2,23,-1,0.07131620261526961,-0.07131620261526961,0.17729737348772742,-0.0008617255336087243,0.0047457674815333944,0.06696878647770083,0.6875,0.7000000000000001,0.17500000000000002,0.024720669638170472,3,0.21096886066380746,0.4522826278112733,False
2,24,1,0.1483815845898355,0.1483815845898355,0.37135920696708635,0.09040164216662866,0.004839378387659372,0.13476030164562844,0.9125,0.9,0.17500000000000002,0.0540634122009584,99,0.4408279953332586,0.36028651748159,False
2,25,1,0.02936298981985657,0.02936298981985657,0.00011373379521752948,-0.05777074668978505,0.0008842203298083368,0.0006485539584313735,0.4625,0.9750000000000001,0.17500000000000002,0.02761555240910759,3,0.3253774365710313,0.49007020853964717,False
2,26,-1,0.05578357374343213,-0.05578357374343213,0.051318985428447254,-0.03365732443641447,0.0014651603982337904,0.0454425736900338,0.6625,0.925,0.17500000000000002,0.021160235136704272,100,0.2786546290561325,0.5845418911471191,False
2,27,1,0.03988896432592485,0.03988896432592485,0.08268563418409923,0.07424489450833509,0.0016915541760747518,0.032452822844333824,0.6375,0.9,0.17500000000000002,0.023416426514831053,3,0.23952772637710684,0.4763859472758192,False
2,28,1,0.005232107701871753,0.005232107701871753,0.1241236324255538,0.17675821704812805,0.00031399331779684807,-0.013043009501756011,0.4375,1.0,0.17500000000000002,0.027646786745895206,32,0.33136951007374416,0.5318602190651951,False
2,29,-1,0.014555436086257102,-0.014555436086257102,0.0061371251774917195,-0.03369448548032944,5.865258170042707e-05,-0.013010751162976834,0.4125,0.9500000000000001,0.17500000000000002,0.025588061263143953,3,0.2726333923624272,0.7320552547525393,False
2,30,1,0.023118375521234188,0.023118375521234188,0.1316069722800931,0.06398137941632218,0.0017973536701236332,-0.02237940533379656,0.0625,1.0,0.17500000000000002,0.018774724313838576,99,0.20041539795490118,0.5173406947074836,False
2,31,1,0.15258568631565894,0.15258568631565894,0.014004718638075137,-0.20461056844024636,0.0007622768652292317,0.09836285282156021,0.7125,1.0,0.17500000000000002,0.02450027264671951,99,0.33355739225991204,0.6243193195711554,False
2,32,-1,0.0341669139711166,-0.0341669139711166,-0.0928566176851193,0.09352662290800483,0.0027852946815048506,0.0314886636063049,0.7375,0.9500000000000001,0.17500000000000002,0.022385397753996752,3,0.21157756732814767,0.53183043500929,False
2,33,1,0.05016208768745669,0.05016208768745669,-0.10159404589308911,-0.022626067515561853,-0.0014258593540001025,0.06663629422543102,0.2875,0.9,0.17500000000000002,0.009322439653442273,3,0.11450647162202987,0.5873238607977128,False
2,34,1,0.025149861516717772,0.025149861516717772,-0.04378147653898416,-0.29248270429633766,-0.0025928813764345172,0.04856310863832808,0.8875,0.9500000000000001,0.17500000000000002,0.017631118980827695,3,0.1518860557247303,0.7405016899070497,False
2,35,-1,0.07453152327460867,-0.07453152327460867,0.1347058045662136,0.12968284860009852,0.0013349121183849676,0.08678679993940892,0.7625,0.9,0.17500000000000002,0.022211034717565463,99,0.30689341980906754,0.6297718648290194,False
2,36,1,0.03709241266646221,0.03709241266646221,-0.005281349076754755,-0.24733914181324904,-0.0012893636658095297,0.09458003136226814,0.5625,0.775,0.17500000000000002,0.023963114008551632,76,0.3321702709525179,0.7967682523578793,False
2,37,-1,0.14040277208349894,-0.14040277208349894,-0.10187878655083442,-0.1405730094707466,0.00028713204422278743,0.0869612536440295,0.4125,0.9500000000000001,0.17500000000000002,0.0301589221411049,3,0.2633586263200259,0.5769584880058799,False
2,38,-1,0.07562794568640276,-0.07562794568640276,0.14632499447664624,0.19816461351365322,0.0015371864580979876,0.11491022066689345,0.1375,0.925,0.17500000000000002,0.037868318246109374,3,0.3605110624351183,0.6938546823106732,False
2,39,1,0.03993800249086034,0.03993800249086034,0.15540830270969627,-0.13562491982815214,-0.001222651301071258,-0.007590356647089015,0.8875,0.9750000000000001,0.17500000000000002,0.030455819159541344,99,0.4230763324618615,0.37016927595627613,False
2,40,1,0.01329482176707486,0.01329482176707486,0.06016019532905294,-0.2595289184360434,-0.0042404057737158605,0.010946291194200625,0.5625,0.9750000000000001,0.17500000000000002,0.02178185402098333,32,0.2612093556593759,0.41591041094926884,False
2,41,-1,0.07917494719647292,-0.07917494719647292,-0.1003869144247468,0.0939006516234577,-0.003614806736195144,0.09612973211452558,0.5625,0.9750000000000001,0.17500000000000002,0.029530077908636758,99,0.29477202463155366,0.47263848834210487,False
2,42,-1,0.02162417828069289,-0.02162417828069289,-0.11442981108861008,-0.09739432695094331,-0.0025924917077286714,0.02506179372575499,0.5875,0.875,0.17500000000000002,0.032963092901438104,99,0.3818393272222004,0.4517995314528105,False
2,43,-1,0.00043527173677040856,-0.00043527173677040856,-0.0058603599343326285,-0.02492823771532699,0.0042400947274891295,-0.08500502934144993,0.6875,0.7250000000000001,0.17500000000000002,0.03685640678044548,3,0.2605466561197042,0.4701536714403382,False
2,44,-1,0.040146646000288465,-0.040146646000288465,0.041699182245060695,0.08729413184502174,-0.0010962287110777445,0.07525644962576908,0.5625,0.9500000000000001,0.17500000000000002,0.03737746790137166,3,0.3557002556379703,0.4737833825876679,False
2,45,-1,0.1066298822788586,-0.1066298822788586,-0.1420673485394856,-0.14232916218208616,0.002171214787360567,0.03919467263375005,0.7125,0.9750000000000001,0.17500000000000002,0.02460029584651655,100,0.3244398984686567,0.41851820277345403,False
2,46,-1,0.1005707750077957,-0.1005707750077957,0.17278317156826253,-0.08522606552623507,0.002430909897943714,0.09113438869323766,0.0625,0.9750000000000001,0.17500000000000002,0.024772532100104674,100,0.29000459564304437,0.6309974594350918,False
2,47,-1,0.06752717482759577,-0.06752717482759577,0.05182738296813161,0.002994142292867081,0.003966692243575901,0.03363380957978193,0.7375,0.9750000000000001,0.17500000000000002,0.027289475770826507,99,0.3376382412508212,0.4176533095798081,False
2,48,-1,0.026370053724933302,-0.026370053724933302,0.11713936304604489,0.07380159371730695,-0.00012589605153736966,-0.005707468333323501,0.6125,1.0,0.17500000000000002,0.028631638406424742,3,0.2899154275610631,0.34538486431216503,False
2,49,-1,0.0066427283615597965,-0.0066427283615597965,0.06278243687730439,0.2949527670286098,0.0014665636403944282,-0.026928543409113714,0.3625,1.0,0.17500000000000002,0.021393489142845813,99,0.3761925047442683,0.6293316368103116,False
2,50,1,0.050756193385728524,0.050756193385728524,-0.17636914551624863,0.3765560434840252,0.00341448779253816,0.013504218293732403,0.7125,0.9750000000000001,0.17500000000000002,0.033582027800153465,100,0.3738308655375175,0.4592037641429254,False
2,51,-1,0.0964331437534168,-0.0964331437534168,0.01684224697795782,0.14488735514763704,0.00011343621441043255,0.0047268842026830385,0.7375,0.925,0.17500000000000002,0.023424575354897472,3,0.18214740309882135,0.5483935576020215,False
2,52,1,0.037211610037685396,0.037211610037685396,0.023672027347855725,0.10966838720320388,-0.0003781750611929288,-0.04179235523363281,0.7625,1.0,0.17500000000000002,0.02266910450784012,82,0.2743930964396267,0.46614956725986784,False
2,53,-1,0.05910259231460921,-0.05910259231460921,0.05329860075370929,0.038037319258933965,0.003814253612930246,-0.010234368568800997,0.6875,0.7250000000000001,0.17500000000000002,0.016861260413701642,78,0.21866622199567173,0.4585637334063674,False
2,54,1,0.019298713565852804,0.019298713565852804,-0.29867066580300616,0.08152068744332729,-0.00031737290953091446,0.044790966395462976,0.7375,0.775,0.17500000000000002,0.03362786892851306,99,0.367740709078024,0.3442727370353699,False
2,55,-1,0.11584245471879431,-0.11584245471879431,0.0172678204243058,0.1673427656267273,0.003059156964480602,0.12975447308263788,0.2625,0.925,0.17500000000000002,0.027327289194076013,100,0.30321470342387263,0.5685072683819146,False
2,56,-1,0.0606299412174011,-0.0606299412174011,0.04746572297431771,-0.02822493174650724,0.003218422475087417,0.08202233252720194,0.6875,0.925,0.17500000000000002,0.010803777906476445,99,0.15503574476737725,0.5663352312815255,False
2,57,1,0.00294691588757003,0.00294691588757003,0.22793299881178578,0.02119914223353223,-0.0015128071162964526,-0.046212808344996366,0.8125,0.9500000000000001,0.17500000000000002,0.02811618716699449,100,0.40419635160452183,0.45998102667758456,False
2,58,-1,0.07642246122630673,-0.07642246122630673,0.19645887431737113,0.07742472943967235,0.0014244886297112777,0.01103456623574733,0.4375,0.9750000000000001,0.17500000000000002,0.02840658151970544,3,0.21898019571526978,0.38981756039958804,False
2,59,1,0.12156147369140018,0.12156147369140018,-0.054164100243180635,0.13151121443444486,0.0016847860716439054,0.037663128514091815,0.7125,1.0,0.17500000000000002,0.014722977779408822,3,0.1299700552234202,0.45890524384308584,False
2,60,-1,0.03512344788021486,-0.03512344788021486,-0.10980291220047136,-0.06618829494476525,2.562078050740981e-05,-0.05668297147976615,0.0625,0.9750000000000001,0.17500000000000002,0.018826517191439244,3,0.17887921377595686,0.44638561877105837,False
2,61,-1,0.06214236738374709,-0.06214236738374709,-0.05266776574809634,-0.1134574417463277,-0.0006975281455028625,-0.022170054952108106,0.0625,1.0,0.17500000000000002,0.008817169247668477,76,0.12067728291698819,0.47530333485530424,False
2,62,1,0.001266659571500379,0.001266659571500379,0.038047304252321106,0.24604936198626542,-8.755593017241629e-05,-0.11442383564585268,0.6875,1.0,0.17500000000000002,0.025820840538387787,96,0.34311697368060334,0.6366324500721827,False
2,63,-1,0.06744927461984404,-0.06744927461984404,-0.0605630086135836,0.04441380226269742,0.002832099209110721,-0.03609006343267048,0.6875,1.0,0.17500000000000002,0.01664990524898344,3,0.18716497558727538,0.3624751554427484,False
2,64,-1,0.08291357675074242,-0.08291357675074242,0.1188090386434237,-0.000643686281326249,0.000742234282232717,0.05739213294856351,0.7625,0.9500000000000001,0.17500000000000002,0.026940551896710237,99,0.45302828462049755,0.28538783093254727,False
2,65,-1,0.1249043497426499,-0.1249043497426499,0.20730860548885455,0.011181146273695472,0.004015817241712241,0.0887067455329169,0.6375,1.0,0.17500000000000002,0.022313985926580637,95,0.3092656105573292,0.4316232766288259,False
2,66,1,0.031313411399439904,0.031313411399439904,0.17649505768859694,0.23035623406318126,0.004246449150308675,-0.015280788573291943,0.6875,1.0,0.17500000000000002,0.026923512900814406,100,0.34534125190975284,0.5846224007632206,False
2,67,-1,0.06162868946047612,-0.06162868946047612,-0.07269980246434153,-0.15630257249122254,0.0017235108838763093,-0.05428832349910299,0.7625,1.0,0.17500000000000002,0.024814594404605803,32,0.33918616057205875,0.6467086102198736,False
2,68,-1,0.07264746392709147,-0.07264746392709147,-0.16611563072863977,-0.09010038963288383,-0.0005507925528605538,0.09560597742447183,0.5125,0.875,0.17500000000000002,0.027603074226304376,3,0.28346845182603597,0.5102055204269158,False
2,69,-1,0.06940428313519449,-0.06940428313519449,0.00025707022262789185,-0.05285186721614813,0.0009533417896286659,0.03871959859659482,0.8375,0.9500000000000001,0.17500000000000002,0.021600758205115297,32,0.3363043556351434,0.36388994599300944,False
2,70,-1,0.0017778627492441381,-0.0017778627492441381,-0.10309275996190441,0.09154807455105278,0.0027056380825335328,-0.07271109186499468,0.0125,1.0,0.17500000000000002,0.05840488026769506,2,0.48749258032177295,0.4531174990254252,False
2,71,1,0.11619711334374513,0.11619711334374513,0.148233938535547,-0.015191629668035974,0.003732036464228982,0.03867878402569131,0.6375,1.0,0.17500000000000002,0.016764708996147074,32,0.3150593443719745,0.45620521315888685,False
2,72,1,0.0005140517023659395,0.0005140517023659395,-0.021235159277660606,-0.31246321045082975,-0.0038570679298499944,-0.06428220595846457,0.0625,0.9750000000000001,0.17500000000000002,0.021935574280255707,82,0.30444047683556025,0.6781314675144082,False
2,73,-1,0.026505015306561856,-0.026505015306561856,0.029886702043922027,-0.04285571556679525,0.0011162486935223364,-0.013992005869588833,0.6875,1.0,0.17500000000000002,0.010811734253362387,99,0.15442937082518113,0.39958681066084184,False
2,74,1,0.18093863807323493,0.18093863807323493,0.040845017395193604,0.062413374824017,0.0022547783822316173,0.13014459183973937,0.8875,0.925,0.17500000000000002,0.029795338404834035,3,0.2858531676470092,0.5138871090942038,False
2,75,-1,0.029506275344173657,-0.029506275344173657,-0.09348027595074891,0.026803038936459498,0.0012941613503935961,0.013661699919894408,0.0625,1.0,0.17500000000000002,0.04398048534728771,100,0.42701069689911,0.611899823245899,False
2,76,-1,0.10018109807073527,-0.10018109807073527,0.13257191061383888,0.19490386759089987,0.004309072512176637,0.04305081693980578,0.3875,0.9500000000000001,0.17500000000000002,0.02055626243041876,99,0.2757429180045152,0.4963961150840998,False
2,77,-1,0.07799770762603912,-0.07799770762603912,0.06691817435087413,0.0010318984035286149,0.0010926390810330816,0.08246727481968992,0.1375,0.9,0.17500000000000002,0.0224765278833841,99,0.25765448786213246,0.5115694845111489,False
2,78,1,0.044523362373814754,0.044523362373814754,0.04247644678163003,0.06872852657943984,0.0005766783360049297,0.1003918010433459,0.5375,0.7000000000000001,0.17500000000000002,0.019706172549575452,78,0.37799116535044996,0.5996654060132298,False
2,79,1,0.02115973837471523,0.02115973837471523,0.13653308478143075,-0.11025517451771374,-0.000965827704446413,0.08955725895673355,0.8625,0.925,0.17500000000000002,0.017283843606441324,31,0.2678334614629814,0.4114220513471822,False
2,80,-1,0.11144962877862376,-0.11144962877862376,-0.010427525857996358,-0.009651048185197108,0.0021988039992099154,0.03500560857942191,0.8375,1.0,0.17500000000000002,0.01613488979231538,96,0.22210719504551613,0.55322954583317,False
2,81,-1,0.191447564636661,-0.191447564636661,0.12585190430780868,0.16935348211772058,0.011085181105167943,0.09259561647706269,0.7125,1.0,0.17500000000000002,0.013063100854182063,32,0.18251682038669373,0.6066018115795336,False
2,82,1,0.012437262328731337,0.012437262328731337,0.05489845854525917,-0.170816064251319,0.0007074768451045914,0.011303716816059128,0.8125,0.9500000000000001,0.17500000000000002,0.02573830332329032,43,0.4810683212360744,0.6598267173787162,False
2,83,1,0.008912275655281706,0.008912275655281706,-0.1280303703112819,-0.17976401335095413,-0.004198277426029955,0.011968488893327987,0.3625,0.9500000000000001,0.17500000000000002,0.025673689001753597,99,0.4682288020836284,0.4579022666404731,False
2,84,1,0.1524691968935903,0.1524691968935903,-0.12419659188618763,0.06711630433769741,0.0032377162711557154,0.09856309584576878,0.2875,1.0,0.17500000000000002,0.02197858091827182,95,0.352367670286533,0.3875545007349495,False
2,85,-1,0.11467238019342098,-0.11467238019342098,-0.11094027016610268,-0.11198215605139292,0.0013452979212940312,0.02199699613088215,0.8875,0.9500000000000001,0.17500000000000002,0.014365295998792837,78,0.3010939987275484,0.6076822570603024,False
2,86,-1,0.07517148890858871,-0.07517148890858871,0.128782257273699,-0.06576489021103082,0.005132211187877148,0.03397827496314774,0.0125,0.8500000000000001,0.17500000000000002,0.022430518434682915,3,0.30573447736612147,0.5198694928981191,False
2,87,1,0.025022429676089836,0.025022429676089836,0.15344247808780534,-0.006860164156792802,-0.001042925640237982,0.018711521893302958,0.4625,0.925,0.17500000000000002,0.019966153309145054,99,0.4731434789634501,0.3798194372748236,False
2,88,1,0.039181642673219226,0.039181642673219226,-0.25197938834213846,-0.09922472101375898,-0.0012184413309370683,0.026578264459605302,0.3625,0.9500000000000001,0.17500000000000002,0.019881604603230414,99,0.3816670749311572,0.6095850630992394,False
2,89,-1,0.12105567816161311,-0.12105567816161311,0.20752946887112544,0.21391506874457336,0.005132856286081669,0.06667084829899365,0.1125,1.0,0.17500000000000002,0.01855009939917296,99,0.41197849568448824,0.4438041422524904,False
2,90,1,0.08377891661378847,0.08377891661378847,-0.13363334600654306,0.04597142656036411,0.0021992201670341816,-0.022896352961519602,0.0125,1.0,0.17500000000000002,0.03344088908657312,3,0.3799598017473407,0.5058359022573244,False
2,91,1,0.014429897366837445,0.014429897366837445,-0.24004973415267908,0.09637738581434632,0.0007863685741074643,0.019623910404794945,0.8625,0.8500000000000001,0.17500000000000002,0.02591751423984614,3,0.26439588346365267,0.461057451788802,False
2,92,-1,0.062295051936404666,-0.062295051936404666,-0.08959252609925038,0.10530959665729485,0.004214755418693344,0.010084029007017183,0.7875,1.0,0.17500000000000002,0.02257763190650828,99,0.2931269856494636,0.4821630536460623,False
2,93,1,0.07874358590114314,0.07874358590114314,0.15374295623639123,0.20430051001128718,0.006372934263804546,0.03867800379229763,0.8875,1.0,0.17500000000000002,0.01353964005483391,32,0.2239829939617773,0.4372365186195589,False
2,94,1,0.07396428811487658,0.07396428811487658,0.08416626402574948,-0.05710666918445738,0.00275792986075055,-0.028844734900067164,0.0625,0.9500000000000001,0.17500000000000002,0.019962754795666067,99,0.31478270679311604,0.545109565620194,False
2,95,1,0.005486026241894748,0.005486026241894748,-0.09830453994789413,0.1263831838583297,0.0004783012725614962,-0.048983005129333214,0.7125,0.9750000000000001,0.17500000000000002,0.012999901279061126,3,0.1733715606436357,0.6304940749570042,False
2,96,1,0.008952108097421897,0.008952108097421897,0.1342613452311803,0.09135667083979485,-0.00025661586797771484,-0.011055582736335572,0.0625,1.0,0.17500000000000002,0.027025136547391002,32,0.4339875046902786,0.5776126231247671,False
2,97,-1,0.0544470879185047,-0.0544470879185047,-0.21499467827212723,0.19558675436092318,0.0025672735702339674,0.058488125773136224,0.2875,0.8250000000000001,0.17500000000000002,0.03789337303113784,32,0.534070682356662,0.5386375241593481,False
2,98,-1,0.025619729564752877,-0.025619729564752877,-0.04254770079034036,0.009033208757095831,0.0016617551566069934,0.04553103754607498,0.9125,0.925,0.17500000000000002,0.015248568409580308,82,0.25727190641549996,0.34246416793775325,False
2,99,-1,0.021467219028932998,-0.021467219028932998,0.17196570189517138,-0.07403057816623321,0.0013889535570928335,0.007870327908713198,0.7125,1.0,0.17500000000000002,0.02676041863892517,99,0.3390381383229467,0.5450432492612644,False
2,100,-1,0.016930547613962836,-0.016930547613962836,-0.10730353853859886,0.1274865340274226,0.0015366364883513187,-0.037311359809051765,0.6125,1.0,0.17500000000000002,0.015909723416612155,100,0.23309019419562052,0.4929138241018649,False
2,101,-1,0.03561994666145305,-0.03561994666145305,-0.08227924399136903,0.04625966363471988,0.0026783632737287033,0.04147419492300496,0.3125,0.9500000000000001,0.17500000000000002,0.012298027987318345,76,0.22302062249993296,0.41980449163742867,False
2,102,1,0.058279409560924214,0.058279409560924214,-0.05504886524063877,-0.17933495624930057,-0.00020299249752507397,-0.025997042826038357,0.9875,1.0,0.17500000000000002,0.01242249723465201,82,0.2380256914042824,0.6818577933313108,False
2,103,1,0.02479423527522705,0.02479423527522705,-0.0008343889338431001,-0.04599357635628717,-0.0006697412897161974,0.027146394574779638,0.0375,0.9500000000000001,0.17500000000000002,0.04675609519727425,78,0.6865946291996833,0.48048409373600875,False
2,104,-1,0.03413358802150794,-0.03413358802150794,-0.06926712518184527,-0.08072279151618517,-0.00035010863594581263,-0.027689844369480975,0.7625,1.0,0.17500000000000002,0.029865010500467228,99,0.4516706969653993,0.5350976526827693,False
2,105,-1,0.029665217852476843,-0.029665217852476843,-0.04401712441620391,-0.09097866838875489,0.001494214298395435,0.04949614036520465,0.8125,0.9,0.17500000000000002,0.02233219142119906,43,0.3161261779576687,0.4587739068891894,False
2,106,1,0.014343562866238337,0.014343562866238337,0.05595911803056533,0.24688599617473966,0.00016847191498191446,-0.05309678572899434,0.0125,1.0,0.17500000000000002,0.0406922272556446,99,0.4240606745476036,0.4903016316734284,False
2,107,-1,0.049349533212066955,-0.049349533212066955,-0.22772247952489907,-0.07166205248740953,0.0014204425314413927,0.02097580788274275,0.6625,0.9750000000000001,0.17500000000000002,0.0382409641190167,83,0.5502609362263977,0.5865319164838251,False
2,108,-1,0.02638425201073491,-0.02638425201073491,-0.09919822431408154,0.08596122709575066,-0.001020423094569582,-0.0376864738032887,0.0125,0.875,0.17500000000000002,0.02519724261570035,82,0.3692441563996894,0.5400935006343669,False
2,109,1,0.0368409373913342,0.0368409373913342,0.09123970032164959,0.07765960989855106,0.003435635951463786,0.0680404201443909,0.5625,0.675,0.17500000000000002,0.015250519201279488,100,0.3381563491627726,0.41198196191173275,False
2,110,1,0.04607472781082937,0.04607472781082937,0.04314010231257495,0.05842162383674905,-0.0006782784970151602,0.09581961332876723,0.5875,0.9500000000000001,0.17500000000000002,0.02104777731724486,83,0.3479649719586425,0.24938740903253168,False
2,111,-1,0.04834332529952093,-0.04834332529952093,0.2875965320372637,-0.07153461599658562,0.0006012392737365517,0.10019363887229123,0.5625,0.7250000000000001,0.17500000000000002,0.03899060600680535,99,0.5516772555475077,0.5060362988570657,False
2,112,1,0.08224032281481838,0.08224032281481838,0.16738801356781696,0.14141724494618266,0.0013964799818085953,0.028541989751465602,0.3875,0.8,0.17500000000000002,0.033812206341534784,99,0.43337319334585517,0.4003960321783203,False
2,113,-1,0.06231060891783526,-0.06231060891783526,-0.011815192878772621,0.06131519716335912,-0.0003561199927550488,0.01183222403087016,0.3875,0.9,0.17500000000000002,0.023963235350995434,99,0.3727799194467537,0.39857044801773234,False
2,114,-1,0.08649218965756512,-0.08649218965756512,-0.11372933131812102,0.18314619105715327,0.0015981959374976491,0.07731477800898622,0.3375,0.925,0.17500000000000002,0.022942156767597727,72,0.3142193184201318,0.4378357588883047,False
2,115,1,0.22098541763903937,0.22098541763903937,-0.12099039332057596,-0.06264637486802466,0.002611466015993349,0.18507973713235004,0.3875,0.9750000000000001,0.17500000000000002,0.030822311698713127,99,0.3555347211499205,0.5935596393251852,False
2,116,1,0.022571157024074168,0.022571157024074168,-0.2161129380847452,-0.36036037251218517,-0.004540826887531329,0.051542196578807785,0.9625,0.8500000000000001,0.17500000000000002,0.014853155536001243,82,0.30164572819303087,0.5860542436472916,False
2,117,1,0.003817519114229375,0.003817519114229375,-0.013411962068185805,0.23166686173170356,0.0027462817765831603,-0.023543663993037433,0.8625,0.9750000000000001,0.17500000000000002,0.0289345758121469,95,0.3689478301070074,0.6754408656871204,False
2,118,-1,0.08109910883798664,-0.08109910883798664,-0.07048293871831865,-0.351615876455049,-0.0025138485846164928,0.05705059187784127,0.7375,0.9750000000000001,0.17500000000000002,0.03219725256558105,100,0.45898131489542626,0.48094909631709865,False
2,119,1,0.007040915905941504,0.007040915905941504,-0.04126691301703977,0.21582240799033967,0.003978960566399917,-0.0006916765410364011,0.7875,0.9500000000000001,0.17500000000000002,0.029432923271768684,99,0.4880469149771623,0.42646068060080145,False
2,120,1,0.0475808875492873,0.0475808875492873,0.03699042493855421,-0.010549609762961768,-0.0014188464755349735,0.06003392465541687,0.6125,0.8500000000000001,0.17500000000000002,0.02827669788109193,82,0.3462386876277813,0.5820005323133131,False
2,121,-1,0.10907688224745857,-0.10907688224745857,0.01927076764309964,-0.015878953262230138,0.0010680529325582844,0.06317901275106615,0.1375,0.9500000000000001,0.17500000000000002,0.03034441905497709,83,0.4932323043783118,0.5115052647340408,False
2,122,-1,0.03951625201203287,-0.03951625201203287,0.08311464847891202,-0.1602876267850024,-0.002216455924786377,0.01428689017493937,0.5875,0.8,0.17500000000000002,0.036689380630785,100,0.4569289471751252,0.39042399154098895,False
2,123,1,0.03694087456653199,0.03694087456653199,-0.013992794697650374,0.013390874397845295,0.004389326478528937,0.07249842327005769,0.8625,0.925,0.17500000000000002,0.06152600575450274,2,0.7035689489371986,0.4597085366446315,False
2,124,1,0.019171295982463674,0.019171295982463674,-0.36512799693099235,-0.19540226933258725,-0.005314291462540474,0.048544913736275,0.8125,0.8250000000000001,0.17500000000000002,0.024003547718668777,99,0.4787237651940226,0.4081608140542224,False
2,125,1,0.08624401347630323,0.08624401347630323,0.08973173852417968,0.12657582777724916,0.004970855750322393,0.10496689696950043,0.5625,0.8250000000000001,0.17500000000000002,0.011960028844439998,83,0.21502221589120749,0.572020242588359,False
2,126,1,0.07298145875662036,0.07298145875662036,-0.012145556622682838,0.014016790110751718,0.0002635486919211632,-0.007628802970479619,0.0875,1.0,0.17500000000000002,0.030081361761107088,76,0.40070834447780235,0.4884901730808421,False
2,127,1,0.08015676356657692,0.08015676356657692,-0.04846293792201476,0.030586880055181415,-4.4170715301339826e-05,-0.017868203449070776,0.0125,1.0,0.17500000000000002,0.032422230435078796,99,0.3628803069968453,0.36385650731280994,False
2,128,-1,0.01830310370849893,-0.01830310370849893,-0.12733624727722512,0.07341272273088353,0.0013957235893097932,0.05040935412984629,0.9625,0.925,0.17500000000000002,0.03261115875544405,99,0.3942795770037646,0.5021617453692375,False
3,1,-1,0.8943785041890464,-0.8943785041890464,0.8893614502248578,0.8974407695494283,0.8522613583673656,0.8922615835363396,0.7125,0.5,0.35000000000000003,0.38403751933903824,2,0.38690178379340023,0.49303666304093313,True
3,2,1,0.4687793899031786,0.4687793899031786,0.5366002048278328,0.5536590407159994,0.43471036831625237,0.46766548869238245,0.3875,0.55,0.35000000000000003,0.28897775530654557,2,0.29409551963028024,0.4900783362371047,False
3,3,-1,0.29770741945370593,-0.29770741945370593,0.5545504745566138,-0.5749906960939897,0.013276740201576842,0.24640282175483214,0.6625,0.675,0.35000000000000003,0.16624827521284904,2,0.17204561146154504,0.5034818981829082,False
3,4,1,0.08127269290315058,0.08127269290315058,0.630650363445426,-0.5588088878408634,0.01054489220862451,0.08489013569969667,0.6625,1.0,0.35000000000000003,0.3924205141635846,3,0.4270984055306157,0.500349590348626,False
3,5,1,0.2070219152974264,0.2070219152974264,-0.43067477087950373,-0.42092098151737817,-0.02216870430299046,0.12355308131021732,0.2125,0.7250000000000001,0.35000000000000003,0.10377635077938743,2,0.11829853515406312,0.5299306095257112,False
3,6,-1,0.056924132744200495,-0.056924132744200495,-0.05008959654590507,0.007243470699342494,-0.02348363707033276,-0.022181243482711978,0.6875,0.7000000000000001,0.35000000000000003,0.017899571846458538,2,0.021828963703135657,0.6103408644295019,False
3,7,-1,0.29265119578907905,-0.29265119578907905,-0.4169689524286052,-0.49626969541906435,-0.012631241351074827,0.2622847818841074,0.7375,0.775,0.35000000000000003,0.4205567262911024,3,0.6164038316848153,0.5096893199946468,False
3,8,-1,0.06478301305513219,-0.06478301305513219,-0.11894265315686553,-0.03859093541736593,-0.0009924765630718265,0.04993907073773158,0.4625,0.925,0.35000000000000003,0.013057443364979679,2,0.022692490485735847,0.5300074608199743,False
3,9,1,0.02910021341151652,0.02910021341151652,-0.0484884348590526,-0.19087433057869635,-0.0017886034250965746,0.01962833437748072,0.4125,0.925,0.35000000000000003,0.12253480185463143,3,0.6596065944757109,0.3939750566970758,False
3,10,-1,0.009645319338136258,-0.009645319338136258,0.00782742301474553,-0.04275235570469866,0.000738797680193385,0.0088542448199297,0.5875,1.0,0.35000000000000003,0.12493677984617918,3,0.7056420100161521,0.3931378525939044,False
3,11,1,0.060832339589732415,0.060832339589732415,-0.23299572018381656,0.22530443120539706,-0.0011967357517592128,0.04824835534509271,0.3375,0.9750000000000001,0.35000000000000003,0.1337198332641392,3,0.8128311985776088,0.6227572400304606,False
3,12,-1,0.07808995204386349,-0.07808995204386349,-0.25100160559632717,0.08940490667643332,-0.0009459251522610498,0.07513984272905357,0.9375,0.9500000000000001,0.35000000000000003,0.0887986640392969,3,0.6750512358269654,0.5641969955247528,False
3,13,1,0.04933146919318071,0.04933146919318071,-0.20209467582321972,0.07402386892864889,-0.001812755876984055,0.03289024240633165,0.6875,0.9,0.35000000000000003,0.09218569829362444,3,0.6473884966133833,0.51911872155328,False
3,14,1,0.000870647695638784,0.000870647695638784,0.14157730988612632,0.02300526646621025,0.002378811517569242,-0.0015690846324969657,0.7625,1.0,0.35000000000000003,0.09898484621563976,3,0.7020235858911182,0.4815470917547802,False
3,15,1,0.0014996778646989475,0.0014996778646989475,0.16668294686170487,-0.16393174276963565,0.0007918261377023189,0.017166196686631018,0.9625,0.9750000000000001,0.35000000000000003,0.08431336910106686,3,0.673682461316116,0.540496113316285,False
3,16,1,0.08240300024338457,0.08240300024338457,-0.186665771836214,-0.14909303609387803,-0.0016022138749802876,0.061973365607792485,0.0375,1.0,0.35000000000000003,0.062048347569430694,100,0.5241156721713283,0.5043670151908679,False
3,17,1,0.029745364072099753,0.029745364072099753,-0.14624297394394428,-0.24873479076025035,-0.0032807314646361527,0.020177121540068805,0.5625,1.0,0.35000000000000003,0.10432595876164462,3,0.750259221075921,0.5764494225559066,False
3,18,-1,0.05494600209617737,-0.05494600209617737,-0.005377584366199195,-0.2545707030782724,-0.002148639454579613,0.06878500593664608,0.7375,0.875,0.35000000000000003,0.0704884242051851,3,0.7058775607256873,0.5956174669933969,False
3,19,-1,0.026534381857317598,-0.026534381857317598,-0.23853144002364787,0.1627645158928357,-0.0035188729890803924,-0.0016742963195917684,0.6875,0.9500000000000001,0.35000000000000003,0.10554412815628808,3,0.694422315251173,0.47702122826544163,False
3,20,1,0.03327953182442583,0.03327953182442583,0.0335423412134632,0.05970850958436219,0.0051917852478685226,0.008876015042170109,0.0375,0.9750000000000001,0.35000000000000003,0.06359537927006659,32,0.6670177084735937,0.5612959266265837,False
3,21,1,0.010919185132736285,0.010919185132736285,-0.1405276202097298,0.17871113524133167,-0.00041505976888518904,-0.005305653434355172,0.6125,0.875,0.35000000000000003,0.09297478944528606,3,0.7733671899011448,0.46106930314642697,False
3,22,1,0.05709571040192487,0.05709571040192487,-0.2546278817935279,0.24655689243467688,0.0032006072484535163,0.03403246650240627,0.6875,0.9500000000000001,0.35000000000000003,0.08288651174519106,3,0.6643259062123773,0.5253863811474733,False
3,23,-1,0.04880282739776635,-0.04880282739776635,-0.0699113731982612,0.16878817608145652,0.004564259228609672,0.03562654810542527,0.6875,0.7000000000000001,0.35000000000000003,0.07834920907741341,3,0.6686405997453249,0.44845850700482554,False
3,24,1,0.02889011103292544,0.02889011103292544,0.05562653406035428,0.130807587710189,0.004191387999495528,0.01617080024523744,0.9125,0.9,0.35000000000000003,0.05825960400539636,99,0.47504334996733855,0.49980479056127564,False
3,25,1,0.0938889057520174,0.0938889057520174,-0.24022476742192678,0.004018007114567086,0.0016293836499615083,0.09442928781566073,0.4625,0.9750000000000001,0.35000000000000003,0.053217381886242233,3,0.6270283875783131,0.5778349263435586,False
3,26,-1,0.05444750447229422,-0.05444750447229422,-0.05049067899798301,0.2079507324097293,0.0034157048417393573,0.047026267920201495,0.6625,0.925,0.35000000000000003,0.04575940043438339,100,0.602595796856543,0.5654368745852018,False
3,27,1,0.06201986508732918,0.06201986508732918,-0.22278143147720775,0.0899335457977865,0.0008327077157769905,0.043412981325701074,0.6375,0.9,0.35000000000000003,0.06976500595185864,3,0.7136295218123974,0.49401695563253156,False
3,28,1,0.06199375840299686,0.06199375840299686,-0.03578986425890282,-0.073268419321454,0.00181436040774059,0.08573656133271244,0.4375,1.0,0.35000000000000003,0.05073977146944274,32,0.6081579522285476,0.563876775580672,False
3,29,-1,0.012182674347740025,-0.012182674347740025,0.10109490825120344,-0.10780176606627341,0.0001596256688415521,0.017941666495183334,0.4125,0.9500000000000001,0.35000000000000003,0.06567576658613315,3,0.6997562986989825,0.48693265361032734,False
3,30,1,0.02245731917177305,0.02245731917177305,0.10721507128339638,0.011977987860091976,0.0034119274593620106,0.008107879009579995,0.0625,1.0,0.35000000000000003,0.0676879277917104,99,0.7225513812268963,0.6370153919741827,False
3,31,-1,0.06123283159495632,-0.06123283159495632,-0.19444311694925212,-0.001436667106125594,0.0005266851685588364,0.07882822704366198,0.7625,0.8,0.35000000000000003,0.04226381315925237,99,0.5753979764893744,0.5284318259073354,False
3,32,-1,0.006529670167206809,-0.006529670167206809,-0.10875712777523296,-0.19036603248414918,-0.0022706198838694297,-0.002924674369141312,0.7375,0.9500000000000001,0.35000000000000003,0.07828490616563175,3,0.7399167165604378,0.7020987206152032,False
3,33,-1,0.086473057368595,-0.086473057368595,-0.032958746622393155,0.11178578260421124,0.005233324685620385,0.07460598929097384,0.0625,1.0,0.35000000000000003,0.06285894866354015,3,0.7720893552445309,0.4680744179017813,False
3,34,-1,0.09119485461101529,-0.09119485461101529,-0.21135979994727638,0.10339331942619889,0.0018746516070850304,0.07580259769808743,0.6875,0.9750000000000001,0.35000000000000003,0.08773958043462214,3,0.7558464563507735,0.5781897002338653,False
3,35,1,0.03615067563777267,0.03615067563777267,-0.0935772126922465,0.007735765356439314,0.00025124900868938525,0.043974709103366275,0.7375,1.0,0.35000000000000003,0.04789478666894599,99,0.6617699291710295,0.5197572010521874,False
3,36,-1,0.11490596640106004,-0.11490596640106004,0.05769160510393448,-0.06784867933683965,0.004359004249263266,0.107430868618008,0.0625,1.0,0.35000000000000003,0.0416792907345286,76,0.5777471697316322,0.611964598161906,False
3,37,1,0.09576696267951622,0.09576696267951622,-0.24003134994112646,0.21260767377249032,0.002714011301892311,0.10400768264136799,0.5125,0.9750000000000001,0.35000000000000003,0.07995168948848773,3,0.6981670968590517,0.6121333539264127,False
3,38,1,0.08399744869687989,0.08399744869687989,0.06370714966450805,-0.1660783384921603,0.0014344818700113091,0.08374616083140202,0.7375,1.0,0.35000000000000003,0.06313330543695653,3,0.6010368580457475,0.4246538207936176,False
3,39,-1,0.027570589244509773,-0.027570589244509773,-0.04966392139622918,0.1358820999432808,0.0004787733830594138,0.008355784930642917,0.5125,0.9500000000000001,0.35000000000000003,0.038300394544364166,99,0.5320490764273341,0.6130968967463588,False
3,40,-1,0.042886270030402594,-0.042886270030402594,-0.16550325494815135,0.1820395136674615,0.000683603357439582,0.023111686567731375,0.6875,0.9500000000000001,0.35000000000000003,0.05564476610786144,32,0.6672955151957719,0.5009913025877236,False
3,41,1,0.13392026536319593,0.13392026536319593,0.1105890932835734,0.13124234992772812,0.010797035744002693,0.12194536076023717,0.0375,0.9750000000000001,0.35000000000000003,0.05240247755971442,99,0.523086476567297,0.5309467835220341,False
3,42,1,0.035328222821136186,0.035328222821136186,0.002354353108450009,-0.1395680542311381,0.0008932506711014655,0.044819958709662,0.8125,1.0,0.35000000000000003,0.04726883672224892,99,0.5475548325082118,0.4564787444046329,False
3,43,-1,0.18008076183855604,-0.18008076183855604,-0.06598760622951384,0.06781619350075759,0.008682301153244545,0.1628256363757745,0.6875,0.7250000000000001,0.35000000000000003,0.07540534096266181,3,0.5330581887274857,0.48804780792775376,False
3,44,1,0.131708430357622,0.131708430357622,-0.012570053215269678,0.07220790882318813,0.00481577173024072,0.13209182884083281,0.6875,0.9500000000000001,0.35000000000000003,0.058138273935658485,3,0.5532691234149966,0.6692150169965897,False
3,45,-1,0.001798935746592475,-0.001798935746592475,-0.1466611496769225,-0.1497377222742416,-0.003522563276230415,-0.029770144450172287,0.7125,0.9750000000000001,0.35000000000000003,0.04411183573285979,100,0.5817669671831059,0.550649641257241,False
3,46,1,0.10491865326232301,0.10491865326232301,0.006969562387723042,0.17531295467200858,0.004206465356423417,0.11328989704597195,0.2375,0.9750000000000001,0.35000000000000003,0.05591326537836609,100,0.6545598105034558,0.5071913902626802,False
3,47,1,0.013298198715317606,0.013298198715317606,0.059303811622475215,0.1372906531194324,0.00431194959364967,0.05786238593636821,0.8875,0.9,0.35000000000000003,0.04733021892279783,99,0.5855917500692173,0.5023139823149424,False
3,48,-1,0.022946831692433264,-0.022946831692433264,-0.029253432912824506,-0.11145826705208477,-0.0019860122574792503,0.014673216410578076,0.6125,1.0,0.35000000000000003,0.06539230394482172,3,0.6621429583684559,0.5206985771989678,False
3,49,-1,0.03697368579961389,-0.03697368579961389,0.0555731165827148,-0.21207705168569901,-0.0012004549040935204,0.00893493052879771,0.3625,1.0,0.35000000000000003,0.030573058914246942,99,0.5376100893991291,0.5396841015796744,False
3,50,-1,0.04889657330439941,-0.04889657330439941,0.15080547507425068,0.17712633689251256,0.006095834766981347,0.08955353290369852,0.8375,0.9500000000000001,0.35000000000000003,0.04805635249405608,100,0.5349572084907548,0.3837837520417266,False
3,51,-1,0.0656636099994043,-0.0656636099994043,-0.018367515436377005,-0.22557550469187906,-0.0013547384795046206,0.04713847205175046,0.7375,0.925,0.35000000000000003,0.06285628347171576,3,0.488764839035713,0.4359153322438315,False
3,52,1,0.12286240829858845,0.12286240829858845,-0.18097351780845247,-0.13213087261458778,-0.0005352017377012622,0.09265081102786271,0.7625,1.0,0.35000000000000003,0.044300454123909636,82,0.5362249213036682,0.576202125743013,False
3,53,-1,0.07130104049001773,-0.07130104049001773,-0.07797552104962488,0.08927386052781575,0.002006363943528936,0.030430521326546812,0.6875,0.7250000000000001,0.35000000000000003,0.048768839196472825,78,0.6324614860666871,0.5674188299224854,False
3,54,-1,0.07439328728866113,-0.07439328728866113,-0.12262752927356417,0.0743730654252393,0.005957673292550724,0.1370771457104689,0.8375,1.0,0.35000000000000003,0.0475452312601458,99,0.5199353278690728,0.548108356523992,False
3,55,1,0.06357212036187153,0.06357212036187153,-0.2294066902097847,0.06608024231478882,0.0015068026599662611,0.07043336876286915,0.0375,0.9750000000000001,0.35000000000000003,0.056246323945303635,100,0.6240908972945407,0.5925719833237643,False
3,56,1,0.04265116584461406,0.04265116584461406,-0.16448133663093142,-0.025145786378391655,0.0007603836124206948,0.09274682613476366,0.8125,0.9750000000000001,0.35000000000000003,0.05166429143876108,99,0.7413899073476496,0.5496179651797791,False
3,57,1,0.047549678574274196,0.047549678574274196,0.030802887104168623,0.057091181092610556,0.003977717841578504,0.07171965991560862,0.8125,0.9500000000000001,0.35000000000000003,0.03494137726991162,100,0.5023148099225418,0.5202905663157261,False
3,58,-1,0.09187418258800775,-0.09187418258800775,-0.03179801888635985,-0.053005545789684604,0.00177991400904709,0.10418678322023368,0.4375,0.9750000000000001,0.35000000000000003,0.09340819567041683,3,0.7200635865012102,0.39864412159986273,False
3,59,-1,0.08559469636492416,-0.08559469636492416,0.18693278750692557,0.09619997011806015,0.003094972128617669,0.08235284856312115,0.4875,0.8250000000000001,0.35000000000000003,0.09080247773432117,3,0.8015771824405333,0.4811313628149496,False
3,60,1,0.0021412356971147544,0.0021412356971147544,0.02740231521260183,-0.12014373522473418,-0.0004904156008074263,0.042274300114896086,0.5375,0.9,0.35000000000000003,0.0661000813608026,3,0.6280466250934456,0.5166411484074748,False
3,61,1,0.088616956377237,0.088616956377237,-0.10881710202213467,-0.17169605812586825,-0.0015464996984072316,0.08895819238343917,0.5875,0.875,0.35000000000000003,0.04429894169798923,76,0.6063029720820002,0.37416358871499444,False
3,62,1,0.1637068761061768,0.1637068761061768,-0.3008752133575603,-0.25678136445178584,-0.0009122013734015224,0.14293454400901662,0.6875,1.0,0.35000000000000003,0.04121745501262764,96,0.5477129377614073,0.4492280109011862,False
3,63,1,0.012129397311782123,0.012129397311782123,0.019453265087575226,0.007554161156746121,0.0030140757084038887,0.038140672143451466,0.5125,0.8500000000000001,0.35000000000000003,0.05858484788269653,3,0.6585642056082336,0.4462303325787241,False
3,64,1,0.05536525479191245,0.05536525479191245,-0.03502931610680172,0.13173967031388312,0.0022900014740586064,0.06338578314297448,0.8125,1.0,0.35000000000000003,0.024884283912188616,99,0.41845039025072295,0.5609577950903587,False
3,65,1,0.135160048255867,0.135160048255867,-0.04440708782658187,-0.2223024165678141,0.0020550333768501335,0.143299307383629,0.5125,0.875,0.35000000000000003,0.04423210786005702,95,0.6130446567721035,0.5479089073704564,False
3,66,-1,0.010994775458446836,-0.010994775458446836,-0.03624427873056886,-0.1633975632861354,-0.0005926964567756656,0.0011984481808644469,0.5625,0.9,0.35000000000000003,0.045172054681641205,100,0.5794107913244081,0.5368132802518686,False
3,67,1,0.017220472944976934,0.017220472944976934,0.007009783301093104,0.06721507134748107,0.002289639977340487,0.03770481475997188,0.5625,0.75,0.35000000000000003,0.03982197840966806,32,0.5443193526730261,0.47972221784659314,False
3,68,-1,0.01834150697036303,-0.01834150697036303,0.10325380060836402,0.23115688069893314,0.00328510238236357,-0.007555795473680443,0.5125,0.875,0.35000000000000003,0.06338616304999717,3,0.6509411726992634,0.5243539112753536,False
3,69,-1,0.052290918612024076,-0.052290918612024076,-0.04470951445900915,0.11335331938638411,0.002749210460152576,0.08937645128052889,0.8375,0.9500000000000001,0.35000000000000003,0.03770492801749466,32,0.5870317791988507,0.38403335022907914,False
3,70,-1,0.0989073587811953,-0.0989073587811953,-0.06213442610903245,0.047387591676653795,0.0021424590889069324,0.08699897612726175,0.0125,1.0,0.35000000000000003,0.04683690642519258,2,0.3909372686469792,0.38962318214280833,False
3,71,-1,0.1348524545753777,-0.1348524545753777,-0.1495511301993047,-0.10867686423820146,0.0012270991665460386,0.13143079943767874,0.5875,0.7000000000000001,0.35000000000000003,0.027473679183934008,32,0.5163131285586602,0.45889770439298755,False
3,72,-1,0.011124803019245259,-0.011124803019245259,0.007496551262201814,-0.051394104731691787,-4.534873969607196e-05,0.04087379781574234,0.5375,0.9,0.35000000000000003,0.03949103048491687,82,0.5480899655486743,0.4117057228342701,False
3,73,-1,0.06631947967370189,-0.06631947967370189,-0.07308914593156535,-0.1487722312653634,-0.0021671490522044597,0.017807096577914037,0.6875,1.0,0.35000000000000003,0.034997980332508345,99,0.49989353754421884,0.37638120436466793,False
3,74,-1,0.11616638731746887,-0.11616638731746887,0.17808190025676063,-0.013077021430404644,0.005119303775813429,0.1188392789518608,0.2875,1.0,0.35000000000000003,0.06921196870418005,3,0.6640119412090877,0.3668494845075482,False
3,75,-1,0.04501591442814972,-0.04501591442814972,-0.006554526877050688,-0.0037801690309746663,0.0009486008849572038,0.026902349313174638,0.0625,1.0,0.35000000000000003,0.05073928184951967,100,0.49263249215279326,0.5013789871446906,False
3,76,-1,0.02509806916548319,-0.02509806916548319,0.08774257783346821,-0.08022012333436049,0.0021691302952545474,0.03207425645298703,0.3875,0.9500000000000001,0.35000000000000003,0.04893011660262009,99,0.6563514732299897,0.44189288514549196,False
3,77,1,0.015885599493307458,0.015885599493307458,0.0152889174193024,0.20646797004270886,0.002667173686878537,0.0365864169984223,0.8375,0.9750000000000001,0.35000000000000003,0.05836615664381584,99,0.6690669607230803,0.42863384440187036,False
3,78,1,0.1908815900660682,0.1908815900660682,0.06897977101039209,0.026218201172888787,0.006590544524700352,0.17345682087522463,0.5375,0.7000000000000001,0.35000000000000003,0.01961770933224454,78,0.3762943206422531,0.47385185098159355,False
3,79,-1,0.16860897078480966,-0.16860897078480966,-0.07166784231613853,-0.1660850464986615,0.0012241377975418981,0.13742470001777432,0.0125,1.0,0.35000000000000003,0.030784608361183467,31,0.4770436718187623,0.4975527116688163,False
3,80,-1,0.017082023140188345,-0.017082023140188345,0.1417152272434304,0.13499948994683325,0.00272771531089911,0.008148447340985408,0.8375,1.0,0.35000000000000003,0.04779791330698746,96,0.657969195345851,0.5100551407342075,False
3,81,1,0.14641929592730374,0.14641929592730374,0.27142587697001497,-0.014020209426765495,0.009139615105577181,0.1459744584422214,0.2375,0.9,0.35000000000000003,0.04722160827418236,32,0.6597773294378664,0.38529557362555733,False
3,82,-1,0.04339118987895178,-0.04339118987895178,-0.11416582625665392,-0.28964995489100803,-0.008398460126807415,-0.007196786680254961,0.0125,0.7250000000000001,0.35000000000000003,0.014958148476539238,43,0.279579088257041,0.3464051983202524,False
3,83,-1,0.03202562388496283,-0.03202562388496283,0.18369168421752877,-0.021428128502509396,0.0020985285591631933,0.005114000057264395,0.0125,0.8,0.35000000000000003,0.021848830058123575,99,0.39847220726032845,0.38687774621738785,False
3,84,-1,0.05011847179435357,-0.05011847179435357,-0.13161564197714232,-0.14336288176328832,-0.0008500867736535103,0.03137866111678406,0.5875,0.8500000000000001,0.35000000000000003,0.026300937828078592,95,0.42166508489756094,0.5135760689084471,False
3,85,1,0.05903518266792673,0.05903518266792673,-0.043027268867348076,-0.025302952602007205,0.0015547152727497346,0.05040492967295538,0.4875,0.8500000000000001,0.35000000000000003,0.027413573885581796,78,0.5745835366926331,0.5510998390846537,False
3,86,1,0.1929120828670145,0.1929120828670145,-0.14667167369845008,0.06650122004174724,0.0066905931217508844,0.20370085998573567,0.5375,0.9750000000000001,0.35000000000000003,0.04520387655775881,3,0.6161419592040931,0.41346581137031946,False
3,87,-1,0.009355811846348979,-0.009355811846348979,0.15762847807512834,0.08000399940621326,0.0031896866230325094,0.006992384700030294,0.2375,1.0,0.35000000000000003,0.018176540096631152,99,0.43073451774506905,0.36201705603631784,False
3,88,-1,0.08935894142553395,-0.08935894142553395,0.08003416911756496,-0.0670134971986783,0.0012439286479629978,0.06871851507873063,0.6625,0.9500000000000001,0.35000000000000003,0.027312410386270074,99,0.5243162204198195,0.5549667414105605,False
3,89,1,0.09275867204387273,0.09275867204387273,-0.0696592950143814,-0.0993138030894743,0.002199274560596069,0.10110155525184973,0.5625,0.775,0.35000000000000003,0.01925277494049551,99,0.42758419171009854,0.5699934426629522,False
3,90,1,0.007417861925131431,0.007417861925131431,0.1735284143821902,-0.19355628975371278,-0.0034378817928978254,-0.013156563331706896,0.0125,1.0,0.35000000000000003,0.04157338771372125,3,0.47236232603675626,0.4171329894260832,False
3,91,1,0.05614968826040651,0.05614968826040651,-0.11955289247050181,-0.013831047995733373,0.001422106785314664,0.09146394551792296,0.8625,0.8500000000000001,0.35000000000000003,0.0634092285497572,3,0.6468652374226012,0.39205607094315104,False
3,92,-1,0.028210904423815217,-0.028210904423815217,-0.09929982741111743,0.12367291518573152,0.0025722443131375285,0.013326063657954492,0.7875,1.0,0.35000000000000003,0.04803891508446005,99,0.6236926189109832,0.34069937095967523,False
3,93,-1,0.0408487007646207,-0.0408487007646207,0.06255385022119078,-0.12236050052021996,-3.590860464287921e-05,0.050244763581300776,0.8625,0.75,0.35000000000000003,0.03724813932856744,32,0.6161869689688957,0.4853445800967446,False
3,94,-1,0.04658501120070064,-0.04658501120070064,0.05360942514694198,0.15609665914905171,0.007393228002670712,0.07325573135261626,0.5625,1.0,0.35000000000000003,0.028107724312078333,99,0.443216661794171,0.3933773990951794,False
3,95,1,0.13233677435558025,0.13233677435558025,-0.08934421040123722,-0.021352672647503842,0.0027795102538526353,0.0886249604673906,0.7125,0.9750000000000001,0.35000000000000003,0.05481003016654904,3,0.7309671254354053,0.3830327366492858,False
3,96,-1,0.04941827096709227,-0.04941827096709227,0.18869020872023243,0.0979401804696804,0.00436778826344812,0.05644287166370778,0.8125,0.775,0.35000000000000003,0.02907359449122198,32,0.4668829962615139,0.5558254452219307,False
3,97,-1,0.06053246149054903,-0.06053246149054903,-0.01992575070691585,-0.04971781113791174,0.0018147490624789051,0.06172701592192451,0.2875,0.8250000000000001,0.35000000000000003,0.025860088161563582,32,0.3644730945144628,0.4563776379409083,False
3,98,1,0.002603583743241885,0.002603583743241885,-0.021565332224293476,-0.15130242593222404,-0.002552785981582323,-0.013057740691262027,0.0375,1.0,0.35000000000000003,0.038600729216226336,82,0.6512665928853821,0.4331857553488163,False
3,99,1,0.09604264157914064,0.09604264157914064,-0.1063380868740756,-0.1783754818903519,-0.00027761402138997245,0.0983580899211506,0.2375,0.775,0.35000000000000003,0.04349948409857167,99,0.5511118606095436,0.46494457539630174,False
3,100,-1,0.09892408272287595,-0.09892408272287595,0.23857773701640617,0.13735830628168214,0.006482815649608424,0.09701629673142703,0.6125,1.0,0.35000000000000003,0.04775072281464416,100,0.6995863449282228,0.4628589722972988,False
3,101,-1,0.024513350578521796,-0.024513350578521796,-0.003134206187080814,0.05307486360630062,-0.0005046061891288116,-0.005671073948575325,0.3125,0.9500000000000001,0.35000000000000003,0.03639578282648528,76,0.6600253431448789,0.45250078757326284,False
3,102,1,0.018485918603835545,0.018485918603835545,0.024036941997125562,-0.042513384865156725,-0.0007310869285447788,0.01466025499793151,0.9875,1.0,0.35000000000000003,0.03163795525943419,82,0.6062103321897443,0.4762984664023264,False
3,103,1,0.04133239317676177,0.04133239317676177,0.1137323651869807,0.15181820710643804,0.0028588344584551924,0.013635359567088496,0.0375,0.9500000000000001,0.35000000000000003,0.015691199688977576,78,0.23041901567476936,0.4950266281836382,False
3,104,1,0.025836009744114485,0.025836009744114485,0.12308074939467567,0.1529455002712988,0.00299653872894961,0.0077497836139363355,0.5375,0.625,0.35000000000000003,0.03073556092206425,99,0.46483667645367366,0.43269409400953157,False
3,105,-1,0.10678708065558579,-0.10678708065558579,0.03841818369033586,0.13804018812463373,0.008470496899152078,0.13862367526585115,0.8125,0.9,0.35000000000000003,0.03914861140244703,43,0.5541731512858893,0.4622885280611017,False
3,106,-1,0.02568794035652661,-0.02568794035652661,0.05273082889795069,0.2690760766432742,0.005102953512207921,0.042886984804924144,0.5375,0.8,0.35000000000000003,0.05010504603827127,99,0.5221532723618785,0.5484975330421243,False
3,107,-1,0.10058559250685913,-0.10058559250685913,-0.07630085751998918,0.06749530637900528,0.0027578937179915993,0.0753969137385874,0.6625,0.9750000000000001,0.35000000000000003,0.023604896002107686,83,0.3396580727729966,0.41762465992982806,False
3,108,-1,0.04765769822509424,-0.04765769822509424,-0.14989842507759613,0.00810280542920029,-0.0009289702471497641,0.016558189952136364,0.0125,0.875,0.35000000000000003,0.03151658001410096,82,0.4618486704040717,0.474839921528459,False
3,109,1,0.07221565598841954,0.07221565598841954,-0.015905003921972766,0.2116257349738395,0.005782129853248472,0.06799928522627943,0.5625,0.675,0.35000000000000003,0.02598198334212963,100,0.5761097386274825,0.49286399777200945,False
3,110,-1,0.14332767958348108,-0.14332767958348108,0.018125705777502124,-0.06937718767957442,0.0036892508300050662,0.12539685840392423,0.6625,0.9750000000000001,0.35000000000000003,0.028921273081537066,83,0.478130770063782,0.4971585775651933,False
3,111,1,0.023016977508529907,0.023016977508529907,0.0888705804857007,-0.20430212596130473,-0.0029120169840648495,0.006218039587367691,0.6625,1.0,0.35000000000000003,0.02717424722425529,99,0.3844878463194458,0.522455542437626,False
3,112,1,0.01668894519337947,0.01668894519337947,0.08504168739837488,0.11240442890274771,0.0018710053030218715,0.007990101986282184,0.3875,0.8,0.35000000000000003,0.038887496674298354,99,0.49842351146027075,0.37003161415114927,False
3,113,-1,0.05601206522518297,-0.05601206522518297,0.1095269662038653,-0.0740337351576942,0.00037596409414829165,0.016342474989030537,0.3875,0.9,0.35000000000000003,0.03541032147942148,99,0.5508545317581274,0.4965797856445603,False
3,114,1,0.061622696421756135,0.061622696421756135,-0.05365129647753913,0.13831471802194614,0.004830870593606503,0.0899744028013665,0.6625,0.9750000000000001,0.35000000000000003,0.02905127939218368,72,0.3978908043526816,0.421486381085461,False
3,115,1,0.04467261592737221,0.04467261592737221,-0.05549720307652443,0.082693160359758,0.0023192964753504623,0.06166389576381984,0.3875,0.9750000000000001,0.35000000000000003,0.048355080945458366,99,0.5577748479145761,0.45036518499144407,False
3,116,-1,0.13738446245725158,-0.13738446245725158,-0.10782346592591942,-0.06557555847954015,0.001890538247579118,0.08581056421030984,0.4125,0.775,0.35000000000000003,0.027082176256417467,82,0.5499991404599787,0.4714949725693285,False
3,117,1,0.023420232158747046,0.023420232158747046,-0.12742722255456282,-0.1538792119715793,-0.0039967039675859965,0.004578670563413578,0.8625,0.9750000000000001,0.35000000000000003,0.043450595139605946,95,0.5540431246580013,0.4693353591686174,False
3,118,-1,0.05938949321528659,-0.05938949321528659,0.036018124102881806,0.09035668153243778,0.0029363431861282947,0.04790586031217135,0.7375,0.9750000000000001,0.35000000000000003,0.03170772943896757,100,0.4520030185992708,0.3331767441115969,False
3,119,1,0.022188085360234894,0.022188085360234894,0.11406134949272585,-0.007598771455691546,0.0013502366244357946,-0.00508961453079332,0.7875,0.9500000000000001,0.35000000000000003,0.021293401248601906,99,0.3530800761037193,0.48131592147853397,False
3,120,1,0.0160539601872228,0.0160539601872228,0.04342986284851228,-0.009599000908142833,0.0019182007501709446,0.05418272565975299,0.6125,0.8500000000000001,0.35000000000000003,0.04581292893906187,82,0.5609639590502656,0.4999774886095108,False
3,121,-1,0.09500309975378847,-0.09500309975378847,0.08049878998308739,-0.0305928168427911,0.0022018457526495313,0.05775866535353043,0.1375,0.9500000000000001,0.35000000000000003,0.019637747196716543,83,0.31920107895578714,0.4449463305471939,False
3,122,-1,0.035793534579799904,-0.035793534579799904,0.02662027405036451,-0.0660957774786719,0.00037984459100122333,0.01651875653721687,0.5875,0.8,0.35000000000000003,0.03523036502423694,100,0.4387583906394092,0.7296696792288729,False
3,123,-1,0.07764557759367893,-0.07764557759367893,0.03447512190626016,-0.09981184514853983,0.0003612263268339505,0.05350883702624378,0.6875,1.0,0.35000000000000003,0.023033947152294232,2,0.26340032623730997,0.3224426288008922,False
3,124,1,0.08098456513973168,0.08098456513973168,0.12324941494993201,0.1496296810955752,0.007016799420838485,0.11261960071173363,0.8125,0.8250000000000001,0.35000000000000003,0.018420092991531946,99,0.3673680397365548,0.40957279488786535,False
3,125,1,0.09490491572847883,0.09490491572847883,-0.10271733943648273,0.023058050680332547,0.003922332222869051,0.11599804157132294,0.5625,0.8250000000000001,0.35000000000000003,0.029770633418440693,83,0.5352284387753649,0.5027568475235231,False
3,126,-1,0.126822407029939,-0.126822407029939,-0.022159273434282138,0.1055348085906469,0.007591436320734193,0.16170282789268475,0.5625,0.8,0.35000000000000003,0.032216266092329617,76,0.42914701646933207,0.3729710997947627,False
3,127,-1,0.016735516660052272,-0.016735516660052272,0.12820990409054697,0.15860446809685597,0.004086300876813208,0.02357585058928729,0.8125,0.9500000000000001,0.35000000000000003,0.04934044868294156,99,0.5522345910556543,0.617041446056305,False
3,128,1,0.12485577636421451,0.12485577636421451,-0.11024629285976947,-0.04704742969563941,0.004614899136169982,0.13078247711187227,0.5625,1.0,0.35000000000000003,0.041086915760954607,99,0.49675425176096005,0.4311564476389905,False
4,1,-1,0.7443259522644459,-0.7443259522644459,0.6908872753062275,0.71495468668518,0.7904200146099747,0.8464830689399183,0.7125,0.5,0.15000000000000002,0.15448854814909252,2,0.15564076905144344,0.5013578624747527,False
4,2,1,0.4420397412755062,0.4420397412755062,0.4242130192166375,0.4616342029875018,0.42773654174461817,0.45408667377256834,0.3875,0.55,0.15000000000000002,0.11217055764691854,2,0.11415708590924055,0.5020445648722305,False
4,3,-1,0.5416528792198907,-0.5416528792198907,0.5403730087975451,-0.560566482829954,0.027928963278004402,0.4716387113263978,0.6625,0.675,0.15000000000000002,0.07560834008131688,2,0.0782449206419029,0.46015497258716387,True
4,4,1,0.35125432259187594,0.35125432259187594,0.7641910479732174,-0.7615361035227586,0.019018998160539174,0.2377506539159345,0.6625,1.0,0.15000000000000002,0.29188374989650157,3,0.3176772866902817,0.4851519786890572,False
4,5,1,0.44445161746400097,0.44445161746400097,-0.0955708440407551,-0.08663425929567559,0.14071118737624266,0.3754338132201962,0.2125,0.7250000000000001,0.15000000000000002,0.0922502858412315,2,0.10515954358195552,0.5000402650565864,False
4,6,-1,0.49559090935067396,-0.49559090935067396,0.19607557212118457,0.2575107207918086,0.21008167473460015,0.3495928653570078,0.6875,0.7000000000000001,0.15000000000000002,0.18616879344074033,2,0.22703737662186174,0.5112842340559379,False
4,7,-1,0.5028383965970794,-0.5028383965970794,-0.7922441298111896,-0.7885188114488498,-0.06171583074703998,0.4224451615917633,0.7375,0.775,0.15000000000000002,0.1470000227013244,3,0.21545577941400346,0.4577528213426126,False
4,8,-1,0.19249399998206188,-0.19249399998206188,-0.04909434651851125,-0.24472490379082001,-0.0022906721962210794,0.12477239396850884,0.4625,0.925,0.15000000000000002,0.005003798540797649,2,0.008696086025854748,0.5680772044647324,False
4,9,1,0.041316527172665415,0.041316527172665415,-0.17643118640114958,-0.3358472382667523,-0.006456073705735057,0.03615712342854427,0.4125,0.925,0.15000000000000002,0.002178185798412886,3,0.011725205369254666,0.40640972714635926,False
4,10,-1,0.033325028686420885,-0.033325028686420885,0.021324902482633072,-0.09328351976969496,0.0023384311460423086,0.027673709157816292,0.5875,1.0,0.15000000000000002,0.001476258053479378,3,0.00833789458510346,0.372014903431947,False
4,11,1,0.13711298158417115,0.13711298158417115,-0.40944823332584673,0.19047061775256424,-0.0005188626064850104,0.11034920143415537,0.3375,0.9750000000000001,0.15000000000000002,0.004198098914951948,3,0.025518621205930486,0.410705645021438,False
4,12,-1,0.1596303852103905,-0.1596303852103905,-0.4314148331914912,0.06417177851568495,-0.003213234419526327,0.13887052691044832,0.9375,0.9500000000000001,0.15000000000000002,0.0030126842913048924,3,0.022902554627419323,0.29676100368431335,False
4,13,1,0.14324471597674,0.14324471597674,-0.523308558807304,0.20035691362829786,-0.003426216140137071,0.11515128447194577,0.6875,0.9,0.15000000000000002,0.004351919225690856,3,0.030562033992833925,0.2741857908440903,False
4,14,1,0.0478261213591808,0.0478261213591808,0.4617129633531689,0.022375779439714437,0.009453892445450212,0.025995811690136955,0.7625,1.0,0.15000000000000002,0.003523960017726152,3,0.024992745281349555,0.36983628212589587,False
4,15,-1,0.037813274222240366,-0.037813274222240366,-0.3918493028820111,0.23937475316732915,-0.0036811605497040667,0.014548461370591018,0.4375,0.9500000000000001,0.15000000000000002,0.005058416097498959,3,0.0404178630655745,0.3885504027689475,False
4,16,1,0.218136676831639,0.218136676831639,-0.3101766237828166,-0.22972591952537605,0.004121545482609412,0.16774008705136684,0.0375,1.0,0.15000000000000002,0.004095576544879064,100,0.03459489152948786,0.43532004151204196,False
4,17,1,0.05762162952029208,0.05762162952029208,-0.39784663938083437,-0.4297323394857653,-0.011237215133856535,0.045933910476198034,0.5625,1.0,0.15000000000000002,0.0034907047052388424,3,0.02510337239403733,0.3313366400533619,False
4,18,1,0.05788193051137257,0.05788193051137257,0.0021761522865705375,0.5345380913527991,0.008704262902557578,0.007085805693369532,0.6125,0.9750000000000001,0.15000000000000002,0.004652054886038827,3,0.04658610534064895,0.6702953915290315,False
4,19,-1,0.2224029811046887,-0.2224029811046887,-0.5166614043384411,0.4378429594398638,0.004442320046870354,0.15464303091200005,0.6875,0.9500000000000001,0.15000000000000002,0.009700954543886572,3,0.06382694548896846,0.46102245873021547,False
4,20,1,0.2484480449495239,0.2484480449495239,0.34095774885468827,0.16054468600209854,0.03295767370645821,0.1566164751532281,0.0375,0.9750000000000001,0.15000000000000002,0.008845907807063716,32,0.09277996644661152,0.3921145713534337,False
4,21,1,0.08960065614260462,0.08960065614260462,-0.20896810682703695,0.305813821032583,-0.00036368066420316693,0.06382972144824137,0.6125,0.875,0.15000000000000002,0.002879700399172594,3,0.02395343747216444,0.5065518623866491,False
4,22,1,0.27702986029828097,0.27702986029828097,-0.3491108815967976,0.5672965524346182,0.022326884302529937,0.19296718553541067,0.6875,0.9500000000000001,0.15000000000000002,0.0087124177645238,3,0.06982903134482424,0.6234004681849011,False
4,23,-1,0.22731340823835913,-0.22731340823835913,0.2562907730636223,0.051539830413236974,0.017824301499239085,0.1403756769806011,0.6875,0.7000000000000001,0.15000000000000002,0.008685007689736264,3,0.07411879224869042,0.27624852581839987,False
4,24,1,0.1382200905282624,0.1382200905282624,0.36607428190266933,-0.012887214308310609,0.01088609350344023,0.09708375712309514,0.9125,0.9,0.15000000000000002,0.0062405128921055085,99,0.05088455715396853,0.35390654653130954,False
4,25,1,0.19171115496677382,0.19171115496677382,-0.373624980550208,0.02043296189736427,0.0030967456930878798,0.143871346348034,0.4625,0.9750000000000001,0.15000000000000002,0.0016717871629101098,3,0.019697662154339175,0.3201116623995547,False
4,26,-1,0.16364993538692976,-0.16364993538692976,0.227749199884472,0.03665080130894336,0.00885074727036794,0.10406994146195027,0.6625,0.925,0.15000000000000002,0.005017515503353237,100,0.06607459285483412,0.363640840186527,False
4,27,1,0.14399943703099333,0.14399943703099333,-0.23097208852764223,0.04045019669961465,0.00461079379091449,0.11177271357864708,0.6375,0.9,0.15000000000000002,0.0026759357792560195,3,0.027372272738984592,0.3656960900420881,False
4,28,-1,0.023844792298040183,-0.023844792298040183,0.026355459885989623,0.18730344345823294,0.0016082725844341578,-0.008015103202766008,0.0875,0.9,0.15000000000000002,0.0020951069424706313,32,0.025111582313690435,0.3767643274514585,False
4,29,1,0.028115119829765334,0.028115119829765334,-0.1293976060134438,0.23042068093516058,0.0033601487257734633,0.003695777477864398,0.8875,1.0,0.15000000000000002,0.0015286729884892007,3,0.01628756858046591,0.4379742363749604,False
4,30,1,0.24910230768879046,0.24910230768879046,0.30253309419269087,0.19545329812873596,0.017795253407589553,0.17149361448703876,0.0625,1.0,0.15000000000000002,0.00456219356692771,99,0.048700253808209845,0.5999930025390819,False
4,31,1,0.17116014736923693,0.17116014736923693,0.38218860376782027,0.2506289012009596,0.010364952901193275,0.0672990781200823,0.7125,1.0,0.15000000000000002,0.004821221721779637,99,0.06563821424407634,0.48206863853547327,False
4,32,-1,0.06602547141122841,-0.06602547141122841,-0.05579340438903206,-0.3154714087571905,0.0018233703182869959,0.015150263563499819,0.7375,0.9500000000000001,0.15000000000000002,0.003649279109034966,3,0.03449148435404479,0.5539590494522908,False
4,33,-1,0.2255201543702766,-0.2255201543702766,0.15350846251005082,0.16696720701948695,0.018726388173727463,0.17609253831551838,0.0625,1.0,0.15000000000000002,0.004626967662772439,3,0.05683252035615689,0.42540947183223915,False
4,34,-1,0.2688239005977909,-0.2688239005977909,-0.18708659682804465,0.04919195970062916,0.009145650894015622,0.20059539101308277,0.6875,0.9750000000000001,0.15000000000000002,0.007330394999132744,3,0.06314884407128493,0.3509392806382141,False
4,35,1,0.10205200295331131,0.10205200295331131,-0.059930615213711326,-0.04807172130250343,0.0021460600896573453,0.07847060420369106,0.7375,1.0,0.15000000000000002,0.0012777238276100657,99,0.01765451452456084,0.5283845026950138,False
4,36,-1,0.3179714265121457,-0.3179714265121457,0.07353661487156542,-0.03541526788946151,0.012615001077843541,0.2548005744615902,0.0625,1.0,0.15000000000000002,0.002400656357630518,76,0.033277255722834645,0.6164867461766139,False
4,37,1,0.0480121402739209,0.0480121402739209,-0.3537338173036465,0.20797556113391025,0.0003702384849990147,0.06711523332264777,0.5125,0.9750000000000001,0.15000000000000002,0.003516776115812912,3,0.030709762192503657,0.40261145279442273,False
4,38,1,0.17217530615998675,0.17217530615998675,0.1647828991623621,-0.31967859523564657,0.0024030597953568736,0.12731596395749534,0.7375,1.0,0.15000000000000002,0.002674506512875169,3,0.025461632021256512,0.3923218443770011,False
4,39,-1,0.14245616587208723,-0.14245616587208723,0.06862525806736658,-0.030568209134848236,0.0016619387809286717,0.07739413684917805,0.5125,0.9500000000000001,0.15000000000000002,0.0027164552046002165,99,0.0377355768774043,0.42761211618907835,False
4,40,-1,0.231544751876208,-0.231544751876208,-0.1893502592074834,0.32929116194630687,0.012124663057730628,0.16214600853389674,0.6875,0.9500000000000001,0.15000000000000002,0.0038147398603661743,32,0.045746598979796216,0.41666876911059963,False
4,41,1,0.37644959618538076,0.37644959618538076,0.4864520660191108,0.1692401077592533,0.036429015118821635,0.283811342889149,0.0375,0.9750000000000001,0.15000000000000002,0.008673704044606642,99,0.08658173236772296,0.4887887715582593,False
4,42,1,0.017994450399694953,0.017994450399694953,0.09117538797567937,-0.26135089653792526,0.0029038587407773163,0.03211506044937944,0.8125,1.0,0.15000000000000002,0.003075722690318849,99,0.035628691952694996,0.4997491090989823,False
4,43,-1,0.44038379014336787,-0.44038379014336787,0.2600637274574467,-0.16614582240638567,0.029060795297138786,0.34829345494015573,0.6875,0.7250000000000001,0.15000000000000002,0.012677620306970021,3,0.08962109622386721,0.3355187636145728,False
4,44,1,0.36089953898703975,0.36089953898703975,0.20048829071069482,-0.13622425771875915,0.012410333632848127,0.26939115348488024,0.6875,0.9500000000000001,0.15000000000000002,0.005398572642275479,3,0.05137516736030884,0.40513883998311057,False
4,45,-1,0.33470148761080254,-0.33470148761080254,-0.1429779954009093,-0.08806670945062996,0.013222176053126882,0.1886259404387036,0.7125,0.9750000000000001,0.15000000000000002,0.004609115548384188,100,0.060787113694806306,0.5011094140099411,False
4,46,1,0.11370843795798635,0.11370843795798635,0.07939614847019615,0.09398548681793376,0.002298496597452035,0.11130828388206185,0.2375,0.9750000000000001,0.15000000000000002,0.0028424877035431433,100,0.03327615012285611,0.6101439507682994,False
4,47,-1,0.25618119783635296,-0.25618119783635296,0.08354341415172822,-0.13484399805713193,0.012429202829755473,0.1390723879580689,0.7375,0.9750000000000001,0.15000000000000002,0.004531030184233083,99,0.05606003850371906,0.44813275879059716,False
4,48,1,0.07915430934491106,0.07915430934491106,0.052255789173273705,0.10411863795007081,0.002086473184352798,0.023099545215354133,0.4875,0.9500000000000001,0.15000000000000002,0.001698965106260468,3,0.017203213738627838,0.6338870524383043,False
4,49,-1,0.19286449103960304,-0.19286449103960304,0.09849919208215066,-0.12813028310119817,0.004551513785603909,0.14859052412057897,0.3625,1.0,0.15000000000000002,0.0033229444836314907,99,0.058432114559560475,0.5488485881268695,False
4,50,1,0.28173664200176474,0.28173664200176474,-0.23214384741353783,0.05635765676630777,0.010355816511146422,0.14447411094236334,0.7125,0.9750000000000001,0.15000000000000002,0.004806530414789243,100,0.0535056857163597,0.506064450733866,False
4,51,-1,0.29726203171700255,-0.29726203171700255,-0.27536740684264227,0.044762153842821034,0.0025659750454087357,0.201170703068256,0.7375,0.925,0.15000000000000002,0.021684917651128358,3,0.16861998037198192,0.40979071673621187,False
4,52,1,0.4090959349221676,0.4090959349221676,-0.4246684815426428,-0.034649918733161034,0.008466265004299056,0.29836106260203205,0.7625,1.0,0.15000000000000002,0.010995534191178326,82,0.1330929800372901,0.4936030888577728,False
4,53,-1,0.40543493545029097,-0.40543493545029097,0.025063023549670094,0.4052031986956966,0.023979926245119666,0.28814773799338733,0.6875,0.7250000000000001,0.15000000000000002,0.008238824372124027,78,0.10684566603776915,0.6496988693708287,False
4,54,1,0.26715568745765467,0.26715568745765467,0.200252000323547,0.3030123452025845,0.024205077886545617,0.12825983941026653,0.7375,0.775,0.15000000000000002,0.008147269168612668,99,0.08909522478169193,0.6598013573899939,False
4,55,-1,0.05578746615200352,-0.05578746615200352,0.15418663662671186,-0.0890738191359254,-0.004453421886240936,0.0010900376040562567,0.2625,0.925,0.15000000000000002,0.0014549600161646748,100,0.016143762619916218,0.7396835833617963,False
4,56,-1,0.32063750879260905,-0.32063750879260905,0.33134685492911903,0.1421192109849477,0.02119573634959991,0.1664987414209154,0.6875,0.925,0.15000000000000002,0.0059142326284232416,99,0.08487007676504198,0.5463544048427453,False
4,57,-1,0.10757421129357991,-0.10757421129357991,0.11218429571972134,-0.09890515444021981,0.0034301780216627357,0.045500475711577344,0.4875,0.925,0.15000000000000002,0.004181987965160975,100,0.060119968185315495,0.5228940641003417,False
4,58,-1,0.07301641530592859,-0.07301641530592859,0.023897134486251886,-0.2754608483323706,-0.0051814054112016145,0.07587840985608932,0.4375,0.9750000000000001,0.15000000000000002,0.0036446052600623406,3,0.028095474022445097,0.5197901496649532,False
4,59,1,0.2057915106653017,0.2057915106653017,-0.2680463334346456,-0.2865652820192164,-0.0021125720204299594,0.07252023115265402,0.7125,1.0,0.15000000000000002,0.004869847621749693,3,0.04298956188154102,0.46033919869715456,False
4,60,-1,0.35673625418024024,-0.35673625418024024,0.26560338916725085,0.47529264732556,0.03639848150662966,0.22890389275318898,0.0625,0.9750000000000001,0.15000000000000002,0.016029097193184478,3,0.15229966723526733,0.6839408715449394,False
4,61,1,0.010467281526394166,0.010467281526394166,-0.32540984343797796,-0.5421657768429288,-0.02496704124519512,0.028999086917033668,0.5875,0.875,0.15000000000000002,0.016370803039830007,76,0.22406103075975992,0.6478942411710353,False
4,62,1,0.33495254345043496,0.33495254345043496,-0.5469507639788503,-0.0633506018438766,0.004565670465966853,0.29507737272298,0.6875,1.0,0.15000000000000002,0.006020570748837103,96,0.08000359291556716,0.45934149789142675,False
4,63,-1,0.32412587358163963,-0.32412587358163963,0.21600359985289289,0.0807315502858688,0.017837982635700498,0.20535767209182282,0.6875,1.0,0.15000000000000002,0.004479823048393991,3,0.05035860318419334,0.41884121587971374,False
4,64,-1,0.1358359449874225,-0.1358359449874225,-0.06829056237569553,-0.01573617922227443,0.0006528011146732507,0.053826952040344656,0.7625,0.9500000000000001,0.15000000000000002,0.0028884473370319767,99,0.04857169768938661,0.48411782969209183,False
4,65,-1,0.0434474561516539,-0.0434474561516539,0.23225605034078914,0.30010548128495096,0.007040272147716185,-0.029280075310323315,0.6375,1.0,0.15000000000000002,0.0031772460633876626,95,0.044035742736305936,0.45681640959594266,False
4,66,1,0.0036924600249890922,0.0036924600249890922,0.21161159862909687,0.36372101391387546,0.006163352241140071,0.019861680195334633,0.6875,1.0,0.15000000000000002,0.0038277003704170233,100,0.04909696749918747,0.47543434719269034,False
4,67,-1,0.30982747191070703,-0.30982747191070703,0.1663631455022881,0.21268095158680503,0.020355235199660277,0.1926731801137501,0.7625,1.0,0.15000000000000002,0.004748457302541173,32,0.06490579595330205,0.4769279130849017,False
4,68,-1,0.0937635249720451,-0.0937635249720451,0.41844698695258004,0.12477152019140457,0.00899603408334812,0.0697805895261514,0.5125,0.875,0.15000000000000002,0.004114536052559715,3,0.042254031389374946,0.39659648185811824,False
4,69,1,0.07233788779826777,0.07233788779826777,0.1317072588339821,-0.012961195016651463,0.0049026424199596595,0.010069358979826328,0.0125,0.875,0.15000000000000002,0.0029942347432812145,32,0.046617538902920794,0.3420438455641584,False
4,70,-1,0.282764218689818,-0.282764218689818,0.21321657880845712,-0.01803564427632204,0.013772480480112714,0.22605237580252002,0.0125,1.0,0.15000000000000002,0.00518767400474778,2,0.043300364196474456,0.31447639202633587,False
4,71,-1,0.012652287987971144,-0.012652287987971144,-0.23962251101385815,-0.43545678482758515,-0.01536252500349192,0.044599240377949795,0.5875,0.7000000000000001,0.15000000000000002,0.0054981099086463606,32,0.10332603467804222,0.6714238702037147,False
4,72,1,0.27179331758007846,0.27179331758007846,-0.03356183200165981,0.3258629604679216,0.013647666082804134,0.17411743420616438,0.0625,0.9750000000000001,0.15000000000000002,0.007384307702054279,82,0.10248567597053578,0.6156697511333333,False
4,73,-1,0.4724423076112201,-0.4724423076112201,0.21387144838114605,-0.2684617783092922,0.028943107089526438,0.3099744534583546,0.6875,1.0,0.15000000000000002,0.02040526761057755,99,0.2914585731369546,0.47082529676672286,False
4,74,1,0.016914616777161006,0.016914616777161006,-0.39272545199546094,0.11551024975650306,-0.007051193083381497,-0.05282422486347112,0.8875,0.925,0.15000000000000002,0.0033130622264015857,3,0.03178515105822377,0.43022423019436856,False
4,75,-1,0.2091469267473703,-0.2091469267473703,0.21518038720725294,-0.2642087654382048,0.005990079529282036,0.15123401216097354,0.0625,1.0,0.15000000000000002,0.0057245847867578616,100,0.05558053577510753,0.4490238842677155,False
4,76,1,0.004542058311431036,0.004542058311431036,-0.2522752619003254,0.1275212074627327,-0.005483937652286811,-0.016917035517725866,0.2125,0.9500000000000001,0.15000000000000002,0.00261781919616397,99,0.03511558126881641,0.4358652084621436,False
4,77,-1,0.10317299208508446,-0.10317299208508446,0.1611164845338441,-0.41975788423853644,6.124591046268494e-05,0.041777929450479694,0.1375,0.9,0.15000000000000002,0.004350383608391881,99,0.049869618049532216,0.5106359635129359,False
4,78,1,0.2270886075243658,0.2270886075243658,0.38864982148728455,-0.3370710044690658,0.0004140561030396711,0.21334456453566678,0.5375,0.7000000000000001,0.15000000000000002,0.007233444329620384,78,0.1387472907167718,0.6441926822527821,False
4,79,-1,0.37528247554272987,-0.37528247554272987,0.22562391152501352,-0.20639437292685545,0.014415125735709392,0.32447113149023304,0.0125,1.0,0.15000000000000002,0.006081251264143343,31,0.09423613249396896,0.34173732534921814,False
4,80,-1,0.130872243068792,-0.130872243068792,0.4711404000832148,0.14078930472340376,0.011168031226558864,0.10620026217521795,0.8375,1.0,0.15000000000000002,0.005602987924745001,96,0.07712875314659508,0.3269500019954253,False
4,81,-1,0.15038192102414244,-0.15038192102414244,-0.12816877373153135,-0.11056659380561573,0.0026365742696752028,0.020653436508267627,0.7125,1.0,0.15000000000000002,0.009549763830127527,32,0.13342869730357498,0.37331141614659863,False
4,82,-1,0.31911453079183894,-0.31911453079183894,-0.025878482939555816,-0.37158624952020763,0.006216344908172587,0.21515412936372835,0.0125,0.7250000000000001,0.15000000000000002,0.007385340339785142,43,0.1380375867978274,0.5142866157968302,False
4,83,-1,0.14526469287898727,-0.14526469287898727,0.3594987411363126,-0.006678838653450942,0.0105291318195628,0.1130034897034606,0.0125,0.8,0.15000000000000002,0.002419376452018605,99,0.0441238396959874,0.3430441819654635,False
4,84,1,0.1020318378682689,0.1020318378682689,0.2548912767541047,0.01010844665543606,-0.0004316162175259885,0.04135360167810954,0.2875,1.0,0.15000000000000002,0.009410975632715465,95,0.15087978478475972,0.5388121198742617,False
4,85,-1,0.035734056325581146,-0.035734056325581146,-0.17922987632746032,0.3683975637385847,0.004183182382759461,0.0008414156072017153,0.8875,0.9500000000000001,0.15000000000000002,0.004255340629820621,78,0.08919116781778554,0.612383036866767,False
4,86,1,0.09751450085971342,0.09751450085971342,-0.21547356593224326,-0.217901610733215,-0.005252063175869923,0.12874913530981483,0.5375,0.9750000000000001,0.15000000000000002,0.002244740114755415,3,0.03059645936432481,0.5486321630750487,False
4,87,1,0.09092081286103833,0.09092081286103833,-0.10067711329383773,-0.355136394293748,-0.0059555932424883535,0.01903855511084038,0.4625,0.925,0.15000000000000002,0.002050486321434071,99,0.0485909437170312,0.6573332250910626,False
4,88,1,0.012588047645628129,0.012588047645628129,0.08486206550308706,-0.18089257104204515,0.0018985464789739246,-0.034219558505832096,0.3625,0.9500000000000001,0.15000000000000002,0.002179325875871028,99,0.04183650912312823,0.524379175201853,False
4,89,-1,0.19577727130126915,-0.19577727130126915,0.31125020202540715,-0.01873370540052141,0.008686194680841289,0.08053268472889694,0.1125,1.0,0.15000000000000002,0.004779494273853467,99,0.10614761779457448,0.40418595822562214,False
4,90,1,0.352453262900073,0.352453262900073,0.27869566438657156,0.050640300572023955,0.024131721508648785,0.2207303725780745,0.0125,1.0,0.15000000000000002,0.008182887577129441,3,0.09297505019910622,0.4636525228023006,False
4,91,-1,0.17268041590192382,-0.17268041590192382,0.3647795453912397,0.13460059236567548,0.012533798103997039,0.07013879881934512,0.0125,0.75,0.15000000000000002,0.004436051313901992,3,0.04525409710881969,0.4793159685025706,False
4,92,-1,0.13394563472294407,-0.13394563472294407,-0.09627087567361681,0.13506180836060072,0.008585790446132151,0.11136954656479199,0.7875,1.0,0.15000000000000002,0.002632944093838476,99,0.03418369866274389,0.5142950469530616,False
4,93,1,0.16677828585179022,0.16677828585179022,0.22342869228764473,0.18806238472557138,0.01533992164837514,0.08598943475384818,0.8875,1.0,0.15000000000000002,0.007050701736002288,32,0.11663805521901413,0.37005578540613066,False
4,94,1,0.23345052683997816,0.23345052683997816,-0.04766433725322051,0.20829567061723478,0.01753000479836314,0.1398768214850685,0.0625,0.9500000000000001,0.15000000000000002,0.010667906199413836,99,0.16821688307245003,0.6752356103446946,False
4,95,1,0.4025251838911625,0.4025251838911625,-0.19767185629622785,0.04657321741627972,0.013662584750431174,0.3129170922131619,0.7125,0.9750000000000001,0.15000000000000002,0.0044740520363667656,3,0.05966763649160288,0.43240511945662535,False
4,96,1,0.10636603234377082,0.10636603234377082,-0.150630851569622,-0.18964490195347433,0.0008015015248476603,0.02984215154497379,0.0625,1.0,0.15000000000000002,0.002546180454121918,32,0.04088824860654437,0.4256959589903051,False
4,97,-1,0.0547261899480408,-0.0547261899480408,0.07532684272766596,-0.14139921898011643,-0.002966934156036185,0.07760604334734685,0.2875,0.8250000000000001,0.15000000000000002,0.0029321128521667466,32,0.041325313278832466,0.5952799046638778,False
4,98,1,0.21519801646170714,0.21519801646170714,0.12754101227561518,-0.3342462750988182,0.00396170633021672,0.12426696439027086,0.0375,1.0,0.15000000000000002,0.0031910400515693304,82,0.05383882181357199,0.5266800756123667,False
4,99,-1,0.023233287005826202,-0.023233287005826202,0.16835321303037157,0.2684188379106777,0.011735846129111447,-0.04373184839980718,0.7125,1.0,0.15000000000000002,0.003460592824263658,99,0.0438435946934507,0.5364280962067831,False
4,100,-1,0.2289661471098576,-0.2289661471098576,0.4537773117738362,0.16586083657373174,0.01704417227101256,0.19945417374983823,0.6125,1.0,0.15000000000000002,0.0029762939340902276,100,0.04360509060490417,0.291645840178373,False
4,101,-1,0.30812943803610565,-0.30812943803610565,0.11014485209219062,-0.07779932051379744,0.01027110664256734,0.19527096517480258,0.3125,0.9500000000000001,0.15000000000000002,0.003949377650189342,76,0.07162064218269935,0.5520908209560003,False
4,102,1,0.24591507743598542,0.24591507743598542,-0.08344897374586827,-0.03332074705745335,0.00434511866339691,0.14967228628873203,0.9875,1.0,0.15000000000000002,0.004869650813126246,82,0.09330668220706352,0.35982710368905146,False
4,103,1,0.24002722034612264,0.24002722034612264,0.08004008790202582,0.1831904243634047,0.012742766957809456,0.14746630880612882,0.0375,0.9500000000000001,0.15000000000000002,0.0034263869851523655,78,0.050315127720555575,0.669720714336654,False
4,104,1,0.033410940277905546,0.033410940277905546,0.3237147994377541,0.13353018891735768,0.0017840601639009354,0.02254826360487087,0.5375,0.625,0.15000000000000002,0.0024713150000486694,99,0.037375529081952456,0.49948748333048537,False
4,105,1,0.13886671078205895,0.13886671078205895,-0.09406711339901334,0.17026230834036796,0.013189656098882768,0.03215549890029935,0.0125,0.775,0.15000000000000002,0.0048461758461980226,43,0.06860065898034003,0.6733844703916604,False
4,106,1,0.24114862029378314,0.24114862029378314,-0.11208845157526211,-0.16680458206012105,0.007320378526025704,0.13418546700384834,0.0125,1.0,0.15000000000000002,0.0027119778768227762,99,0.028261986265303695,0.5328704086240523,False
4,107,-1,0.3732616455141388,-0.3732616455141388,-0.07721225861828396,-0.10909734499280858,0.00942859972526253,0.26625976513379895,0.6625,0.9750000000000001,0.15000000000000002,0.0052714619306363005,83,0.07585267903303926,0.47690349815950406,False
4,108,-1,0.2474145936487709,-0.2474145936487709,-0.34709514035494854,0.16133921443766935,0.006787754789728252,0.16363084523088814,0.0125,0.875,0.15000000000000002,0.006470931331189695,82,0.09482599413543197,0.5262100971934308,False
4,109,-1,0.12627789022734554,-0.12627789022734554,0.10010439445102469,-0.1275849313592577,0.004592895075160809,0.052127169813880554,0.3375,1.0,0.15000000000000002,0.0020993338662629903,100,0.04654943654834398,0.5330017156036498,False
4,110,-1,0.39398020975771847,-0.39398020975771847,-0.13972890959839052,-0.08124191436065246,0.010020250213766489,0.29831767769840134,0.6625,0.9750000000000001,0.15000000000000002,0.006982129088640542,83,0.11542959220448715,0.4798267652864272,False
4,111,1,0.33279564852690396,0.33279564852690396,-0.12518477979052037,-0.00525835666014393,0.009237906301561703,0.23134248295605692,0.6625,1.0,0.15000000000000002,0.003165075412496625,99,0.04478258472982627,0.39123852238837115,False
4,112,1,0.01221174873835751,0.01221174873835751,0.17838145629882754,0.2344337389739511,0.005226234745028877,0.03078275965957614,0.3875,0.8,0.15000000000000002,0.002716876640046309,99,0.034822380223596544,0.48007720996539466,False
4,113,-1,0.24349713620134997,-0.24349713620134997,0.22274075129743315,-0.01820772536587595,0.010475029611417802,0.1845752278798258,0.3875,0.9,0.15000000000000002,0.0021492096189217004,99,0.033433807116639555,0.3847163083365066,False
4,114,-1,0.01636584763340775,-0.01636584763340775,0.40241009009446016,-0.16218568309043763,0.007019467172690695,-0.00401977683517857,0.3375,0.925,0.15000000000000002,0.01105115712702671,72,0.15135835289524607,0.34011410943692333,False
4,115,1,0.04721150392986455,0.04721150392986455,-0.13618114464591238,-0.12127214690377434,-0.0053211008473038335,0.0365698437539858,0.3875,0.9750000000000001,0.15000000000000002,0.005119288677813032,99,0.05905088788743229,0.566379144046643,False
4,116,-1,0.17315503848704578,-0.17315503848704578,-0.14954983565922894,0.03223334447500284,0.0069016376742707134,0.17582519692249696,0.4125,0.775,0.15000000000000002,0.0033065846755054038,82,0.06715186815738874,0.5649335685172859,False
4,117,1,0.12851868224390636,0.12851868224390636,-0.233837835465075,-0.06693448352851018,-0.00010076423309934066,0.09509261180504536,0.8625,0.9750000000000001,0.15000000000000002,0.0035478252672193006,95,0.04523869444078267,0.454859555849138,False
4,118,-1,0.2519213725619819,-0.2519213725619819,0.2257603465755338,-0.11290812517126846,0.004256832211935366,0.15044718848333702,0.7375,0.9750000000000001,0.15000000000000002,0.003453217643340917,100,0.04922663420838051,0.4805032325962467,False
4,119,1,0.014255690586565109,0.014255690586565109,0.39913454090563605,0.021944476555658347,0.011190401949854562,0.05401525287930074,0.7875,0.9500000000000001,0.15000000000000002,0.005742405618363078,99,0.09521865431823322,0.20743459050831467,False
4,120,-1,0.1647013837039676,-0.1647013837039676,0.04984884840800447,0.1192970631443601,0.010417772043853146,0.10296500334529493,0.6375,0.8,0.15000000000000002,0.004174831907716855,82,0.05111941736878125,0.39746784799781765,False
4,121,-1,0.28912617019515185,-0.28912617019515185,0.21161183415107762,-0.18143926917270742,0.0064030801111383245,0.23167106808856533,0.1375,0.9500000000000001,0.15000000000000002,0.006831244001490343,83,0.11103821808290491,0.48934767470633417,False
4,122,-1,0.13458927535409582,-0.13458927535409582,0.0976324781220982,-0.114233213343143,0.00042652801084649245,0.08428250444619942,0.5875,0.8,0.15000000000000002,0.004745940444214509,100,0.05910586478287964,0.6508443379152451,False
4,123,-1,0.21523497850945195,-0.21523497850945195,0.12446664037629346,0.12210494910586762,0.006967563738848054,0.18576582266686778,0.6875,1.0,0.15000000000000002,0.0014302337824436098,2,0.01635516667640466,0.2805239843811987,False
4,124,-1,0.19759774014094966,-0.19759774014094966,0.0013512785847407394,-0.10239796009493257,0.010284139518117042,0.09316627238076679,0.1125,0.9750000000000001,0.15000000000000002,0.0038930750923624373,99,0.07764300461924274,0.368657996362061,False
4,125,-1,0.08326169158670739,-0.08326169158670739,0.08268493797988972,0.37563580051500106,0.012846920366540695,0.025529392804710446,0.0125,0.9750000000000001,0.15000000000000002,0.010351039966406033,83,0.18609516576456792,0.7399676551251952,False
4,126,1,0.025162498016414864,0.025162498016414864,0.29069794329345905,0.20545157210392032,0.01774680019446891,-0.009648957017086466,0.0875,1.0,0.15000000000000002,0.008783966624166998,76,0.11700962050425101,0.2809924156476371,False
4,127,1,0.19277414774154092,0.19277414774154092,-0.17171041467858286,-0.0502396717642227,0.0028928139332906194,0.11136554539619933,0.0125,1.0,0.15000000000000002,0.0032925949270212634,99,0.03685180944988333,0.603781752457497,False
4,128,1,0.180683386606729,0.180683386606729,0.08109545963711239,-0.4356158778381913,0.0005473349514171155,0.1527593800513727,0.5625,1.0,0.15000000000000002,0.0065343208015749225,99,0.07900207597565877,0.762194592422243,False
